condition_label,medical_abstract
4,"Ischaemic left ventricular failure: evidence of sustained benefit after 18 months' treatment with xamoterol. The long term effects of treatment with xamoterol in 14 patients aged 44-73 with mild to moderate heart failure as a result of ischaemic heart disease are reported. After 18 months' treatment with xamoterol, patients were assessed in a randomised double blind crossover comparison of xamoterol (200 mg twice a day) and placebo, each given for one month. Compared with placebo, xamoterol significantly increased exercise duration and work done on a bicycle ergometer and reduced the maximum exercise heart rate. Assessment of symptoms and activities at 12 months by visual analogue and Likert scales showed a trend towards the relief of symptoms of breathlessness and tiredness and an improvement in activity. There was an improvement in the clinical signs of heart failure and no haemodynamic deterioration over a 12 month period as assessed by ejection fraction. The improvement in exercise tolerance, symptoms, and activities was sustained for 18 months without side effects or development of tolerance. "
1,"Potent selective inhibition of 7-O-methyl UCN-01 against protein kinase C. UCN-01 is a staurosporine-related compound that was isolated from the culture broth of Streptomyces sp. and shows potent and selective inhibitory activity against protein kinase C. Cellular inhibitory activity of UCN-01 against protein kinase C and cytotoxicity of UCN-01 were compared with those of staurosporine. When the mechanism of inhibitory activity was investigated in vitro, UCN-01 as well as staurosporine inhibited the activity of the catalytic domain of protein kinase C. In spite of direct inhibition against the catalytic domain of protein kinase C, cytotoxicity of UCN-01 was much lower than that of staurosporine. In addition, UCN-01 showed more selective inhibitory activity against protein kinase C than did staurosporine because of the sole structural difference at C-7. Therefore, a series of 7-O-alkyl derivatives of UCN-01 was synthesized and investigated. Interestingly, one of the compounds, the beta-methoxy derivative, showed 3-fold greater potency and 17-fold more selective inhibitory activity against protein kinase C than did UCN-01. "
5,"Host response to mycobacterial infection in the alcoholic rat. Animals, chronically treated with alcohol, were inoculated with mycobacteria (bacillus Calmette-Guerin, 10.2 x 10(6) organisms) into the spleen to produce a granulomatous hepatitis. Before infection, chronic alcohol ingestion was associated with a depressed skin test response to phytohemagglutinin, 71.7% of baseline (P = 0.009). Mycobacterial (bacillus Calmette-Guerin) infection stimulated phytohemagglutinin skin test response to 417% of baseline in controls and 299% in alcoholics (P less than 0.001). The hepatic granuloma response was altered with smaller but more numerous granulomas (mean +/- SEM, 81.2 +/- 1.5 microns2 of area with a frequency of 1.8 granulomas per field in alcoholics vs. 129.8 +/- 5.71 microns2 and 1.2 granulomas per field in controls; P less than 0.001). These changes were associated with a 10-fold increase in colony-forming units per gram of liver (54.5 +/- 18.2 in alcoholics vs. 5.6 +/- 1.83 in controls; P = 0.0006). This model offers precise parameters for host response to infection and indicates that alcohol significantly impairs the clearing capacity for mycobacteria from the liver. "
2,"Interventional radiology of the biliary tract. Transcholecystic intervention. Diagnostic and therapeutic biliary intervention by percutaneous access to the gallbladder is an important new area in interventional radiology. The anatomy of the gallbladder, biliary tree, and surrounding viscera is reviewed in this article as a preliminary to discussion of the diagnostic techniques of aspiration, cholangiography, biopsy, and the therapeutic techniques of gallbladder drainage and cholelithotomy. Recently there has been a bewildering proliferation of procedures aimed at removal, fragmentation, and dissolution of gallbladder stones. Several of these are discussed in this article. Removal of common bile duct stones by percutaneous cholecystostomy also is discussed. "
4,"One hundred percent oxygen reverses muscle hypoxia in a rat hindlimb model of acute arterial occlusion. Significant morbidity results from extremity ischemia after acute arterial occlusion. Reestablishment of arterial flow is considered to be the ideal treatment, yet substantial tissue loss can occur before this is accomplished. Using a rat hindlimb model we investigated whether the administration of 100% oxygen would decrease tissue hypoxia from acute arterial occlusion. Adult male Sprague-Dawley rats were used, and Po2 recordings were taken from the gastrocnemius muscle by use of an oxygen electrode. Baseline muscle Po2 was recorded, and then the femoral artery was occluded. Repeat recordings were made after 20 minutes of ventilation with room air and after an additional 20 minutes of ventilation with 100% oxygen (N = 10). Control groups consisted of animals undergoing occlusion but continued on room air (N = 3) and animals undergoing sham occlusion but receiving the period of 100% oxygen ventilation (N = 3). Femoral artery occlusion produced a reduction in muscle Po2 from 28.0 +/- 1.4 to 6.1 +/- 2.0 (mean +/- SEM, p less than 0.001). Ventilation with 100% oxygen reversed the tissue hypoxia produced by occlusion (27.3 +/- 2.0, p less than 0.001). The administration of 100% oxygen without femoral artery occlusion resulted in a higher tissue Po2 than the occluded + oxygen group (94 +/- 12 vs 27.3 +/- 2.0, p less than 0.001). Mean arterial blood pressure increased in the experimental group concomitant with the administration of 100% oxygen, but there was no correlation between final blood pressure and final tissue oxygen tension. "
1,"Contributions of the Zollinger-Ellison syndrome. The salient contributions of the Zollinger-Ellison syndrome have made it unique. No pancreatic endocrine tumor described before (insulinoma) or subsequently (glucagonoma, somatostatinoma, vipoma, pancreatic-polypeptidoma) has been the topic of such a variety of studies, or has been such an inspiration and rich source of new ideas for investigation and ultimate improvement in patient care. "
2,"Endoscopic assessment of chloroquine phosphate-induced damage to esophageal, gastric, and duodenal mucosa. Eighteen patients with Plasmodium vivax malaria were prospectively evaluated to assess the time of onset and extent of upper gastrointestinal mucosal injury caused by oral administration of four tablets (600-mg base) of chloroquine. Endoscopy was performed in the group of three separate patients. Each patient underwent endoscopy, both before the drug was given, and at intervals of 1, 2, 4, 12, 24, and 36 h. Before the drug was given, endoscopy was normal in all of the patients. However, mucosal erosions developed in four of 18 patients who were endoscoped 24 and 36 h after chloroquine ingestion (gastric, four; duodenal, two; esophageal, one). The same doses of chloroquine failed to produce any mucosal lesions when given to these four patients while they were afebrile and when given to 11 healthy individuals who served as controls. Poor correlation was noted between subjective symptoms and endoscopic findings. In conclusion, neither malaria alone nor chloroquine alone causes mucosal lesions. However, chloroquine administered during malarial fever causes mucosal damage in susceptible individuals. "
1,"Temporal bone: three-dimensional CT. Part II. Pathologic alterations. Three-dimensional (3D) surface renderings were obtained from routine axial computed tomographic (CT) images in 15 patients with a variety of complex temporal bone abnormalities. The 3D CT reformations served as an adjunct to conventional sectional CT examination. While no diagnosis was substantially changed because of the 3D CT images, they did provide a more global perspective in cases of large tumors and fractures and at the postmastoidectomy site. Three-dimensional CT surface reformations are now practical and may be potentially useful for visualizing temporal bone lesions characterized by complex destructive change. "
4,"Results of percutaneous transluminal coronary angioplasty of high-risk angulated stenoses. Percutaneous transluminal coronary angioplasty (PTCA) of angulated stenoses has been found in studies using older PTCA equipment to be associated with a heightened risk of procedure-related major ischemic events. To better understand the factors associated with procedural risk and to identify means of lessening that risk, 100 patients, treated sequentially from 1986 to 1989, who underwent PTCA of stenoses located at greater than or equal to 45 degrees bends, were characterized for 27 clinical, anatomic and procedural variables. Clinical outcome of angioplasty was related to these variables. In addition, results from 344 consecutive contemporary patients undergoing PTCA of nonangulated lesions were compared to those of the study group. Procedural success was achieved in only 70% of patients with angulated stenoses, compared with 306 of 344 (89%) nonangulated stenoses, and major ischemic complications (death, bypass surgery or myocardial infarction) occurred in 13% of patients with angulated stenoses compared with 12 of 344 (3.5%) with nonangulated stenoses (both p less than 0.001). The presence of associated thrombus, stenosis length greater than 10 mm or age greater than or equal to 65 years led to an even higher risk of major complications (9 of 44 = 20.5%), whereas highly experienced angioplasty operators and the use of polyethylene terephthalate balloons appeared to decrease risk and increase the likelihood of success. PTCA of such stenoses should be undertaken only cautiously and in carefully selected patients. "
2,"The pharmacist as a health consultant--ten years later. Pharmacists remain a readily accessible and trusted source of information about health. In order to assess the quality of counseling on health matters and the progress of the profession in this activity over the last decade, a study similar to one reported in 1978 was conducted. We visited 46 community pharmacies and requested advice from the pharmacists concerning the proper treatment of an infant with diarrhea. Interviewers volunteered no additional information, but questions asked by the pharmacist were answered according to a predetermined hypothetical case involving an 18-month-old infant with diarrhea and vomiting. Findings include the following: approximately one-third of the pharmacists recommended a product without caution and less than 20 percent inquired about fever, nausea, vomiting, diet, or the infant's condition. We believe pharmacists should approach health counseling with an increased awareness of the harmful potential in providing inappropriate medical information. "
5,"Upper GI bleeding in an urban hospital. Etiology, recurrence, and prognosis. Acute upper gastrointestinal bleeding (UGIB) continues to be a common cause of hospital admission and morbidity and mortality. This study reviews 469 patients admitted to a surgical service of an urban hospital. There were 562 total admissions because 53 patients were readmitted 93 times (recurrence rate, 20%). The most common causes of bleeding, all endoscopically diagnosed, included acute gastric mucosal lesion (AGML) (135 patients, 24%), esophageal varices (EV) (121 patients, 22%), gastric ulcer (108 patients, 19%), duodenal ulcer (78 patients, 14%), Mallory-Weiss tear (61 patients, 11%), and esophagitis (15 patients, 3%). Nonoperative therapy was sufficient in 504 cases (89.5%). Endoscopic treatment was used in 144 cases. Operations were performed in 58 cases (10.5%), including 29% of ulcers. Emergency operations to control hemorrhage were required in only 2.5% of all cases. The rate of major surgical complications was 11% and the mortality rate was 5.2%. There were 58 deaths (12.6%), with 36 deaths directly attributable to UGIB. Factors correlating with death include shock at admission (systolic blood pressure less than 80), transfusion requirement of more than five units, and presence of EV (all p less than 0.001). Most cases of UGIB can be treated without operation, including endoscopic treatment, when diagnostic endoscopy establishes the source. Subsequent operation in selected patients can be done with low morbidity and mortality rates. "
2,"Successful treatment of pancreatic pseudocyst with a somatostatin analogue and catheter drainage. We report a patient with bile duct stone-induced pancreatitis who subsequently developed a large pseudocyst that became infected after endoscopic retrograde cholangiopancreatography (ERCP) was done for extraction of the stones. Percutaneous external drainage allowed control of the infection, but failed to seal the pseudocyst. We then treated the patient with a long-acting somatostatin analogue which shrunk the cyst within a week. Patients with pancreatic pseudocyst resistant to drainage should be offered a course of somatostatin before surgery is contemplated. "
2,"Urinary tissue factor activity in colorectal disease. Procoagulant activity (PCA) in normal urine has been recognized for over 50 years. Although tissue factor (TF) is produced by certain tumours, and is increased in both tumour-associated macrophages and blood monocytes, the possibility that it might also be increased in urine has not been studied in patients with cancer. We have measured urinary PCA in hospital controls without inflammatory or neoplastic disease (n = 79), in patients with rheumatoid arthritis (n = 8), inflammatory bowel disease (n = 19), colorectal cancer (n = 70) and in patients undergoing colonoscopy (n = 50). Urinary PCA was higher (P less than 0.001) in patients with colorectal cancer and inflammatory bowel disease than controls or patients with rheumatoid arthritis. Fourteen (88 per cent) out of 16 colonoscopy patients subsequently found to have carcinoma or inflammatory bowel disease had levels above the control upper quartile, compared with 8 (24 per cent) out of 34 with normal colonoscopy (P less than 0.001). TF inhibitors confirmed the nature of the PCA and Western blotting studies indicated a urinary TF molecular weight of approximately 38,000. These studies provide further evidence of abnormal haemostasis in malignancy and suggest that determination of urinary TF may provide a useful screening test in patients undergoing colonoscopy. "
5,"Clinical characteristics and treatment of isolated inferior rectus paralysis. Isolated inferior rectus paralysis without mechanical restriction of the globe has received only scant attention in the literature. The authors report on 21 patients treated during the past 16 years. The etiology was congenital, traumatic, myasthenic, and vascular. Anomalous head posture, diplopia, or a disfiguring hypertropia were presenting symptoms. Diagnosis was made on the basis of the prism and cover test in the diagnostic positions and on examination of ductions and versions. The direction of the head tilt, the Bielschowsky head tilt test, and tests for cyclotropia are only of secondary diagnostic value since they may give paradoxical results. Surgery consisted of resection of the paralyzed muscle, combined with or without recession of its antagonist and/or recession of the contralateral superior oblique. After a mean follow-up of 17 months, 14 patients were cured, 6 had improved, and 1 remained unchanged. "
5,"A hospital-based study of acute viral infections of the respiratory tract in Thai children, with emphasis on laboratory diagnosis. The hospital-based study described here examined the viruses found in 738 children less than 5 years old who presented at Ramathibodi Hospital, Bangkok, Thailand, from January 1986 to December 1987 with acute respiratory tract infections. Three methods for detection of viral infection are compared: direct examination of epithelial cells of the respiratory tract with the use of fluorescent antibody staining, isolation of virus, and measurement of antibody in acute- and convalescent-phase sera. Viral infections were found in 44.7% of the study population. Diagnosis by the examination of epithelial cells with the fluorescent antibody staining procedure was found to have several deficiencies; however, this technique was the most sensitive for diagnosis of infection due to respiratory syncytial virus. Isolation of virus was the best method for identification of adenoviruses, parainfluenza 1 and 3 viruses, and influenza B virus. Problems associated with serodiagnosis included failure to obtain specimens of convalescent-phase blood in 24.5% of cases and insensitivity of serodiagnosis for young children except for the identification of antibody to influenza A virus. The combination of all three tests yielded the best rate of detection of virus. "
5,"Assessment of dilation methods in achalasia: large diameter mercury bougienage followed by pneumatic dilation as needed. In a retrospective study, 33 achalasia patients were treated with dilation therapy using large diameter mercury bougienage (mean, 56 French) and/or pneumatic balloon dilation. Mean follow-up time was 35 months. Mercury bougienage, performed in 20 patients, was successful in 10 (50%) with no complications. Pneumatic dilation was performed as initial therapy or in those having failed previous pharmacologic therapy and/or bougienage. A successful response was achieved in 19 of 23 patients (83%), with a 3.2% complication rate. In addition, in four patients with eventual recurrence of symptoms after initial pneumatic dilation, bougienage was used as a successful alternative to repeat pneumatic treatment. The combined efficacy of both forms of dilation was 88% with a complication rate of 1.4%. These data indicate that mercury bougienage should be considered initial therapy for achalasia in view of its simplicity, safety, and acceptable efficacy, followed by pneumatic dilation if bougienage is unsuccessful. Bougienage also may be considered if eventual recurrent symptoms develop after initially successful pneumatic dilation. Surgery should be utilized only if dilation therapy fails to achieve a satisfactory response. "
2,Immunohistochemical detection of abnormal cell proliferation in colonic mucosa of subjects with polyps. Previous studies have shown the presence of increased proliferation in the large bowel epithelium of those at high risk of developing colon cancer. An in vitro technique for labelling large bowel mucosa with the thymidine analogue bromodeoxyuridine (Brdu) was therefore developed and its ability to distinguish differences in mucosal proliferation between subjects with colorectal adenomas and normal controls was assessed. Sigmoid biopsy specimens from 15 subjects with polyps and 15 age and sex matched controls were labelled and the incorporated Brdu visualised with an immunohistochemical technique. Mean labelling index (LI) was significantly higher in those with polyps than in controls. Differences in the pattern of labelling in colonic crypts were compared by the generation of cumulative labelling distributions. Analysis showed a significant expansion of the proliferative compartment in the colon crypts of those with polyps. It is concluded that in vitro labelling with Brdu provides a useful method for the assessment of mucosal proliferation in subjects at high risk of developing colon cancer. 
1,"Surgical strategy in thyroid disease. Over the past 8 years, 311 patients have undergone surgical treatment by the senior authors for thyroid disease. Over 80% of the cases were performed by the head and neck surgical service at Olive View County Hospital, Sylmar, Calif, with the remainder performed at UCLA-affiliated institutions. This service is an important source of thyroid surgical training for UCLA head and neck residents who rotate through this major affiliate. The purpose of this communication is to review our experience with these cases; to describe our overall surgical strategy; and to detail the specifics of our surgical procedure, which we have developed to safely train residents in the treatment of these challenging cases. This article deals with the specific problems of preservation of the recurrent nerve, the parathyroid glands, and the techniques for reimplantation of injured parathyroid glands; the management of larger, substernal thyroid glands; and our techniques for partial thyroid surgery. In addition, the difficult decisions in the management of thyroid cancer, such as completion thyroidectomy; the management of lymph node mestastases; and how tracheal, esophageal, or laryngeal invasion should be managed are discussed. An initial section describing the general preoperative examination of these patients is also included, so that the proper surgical strategy can be developed prior to entering the operating room. "
2,"Sulphasalazine and prednisone compared with sulphasalazine for treating active Crohn disease. A double-blind, randomized, multicenter trial. OBJECTIVE: To determine whether sulphasalazine plus prednisone is more effective than sulphasalazine alone in treating active Crohn disease. DESIGN: Randomized, double-blind, placebo-controlled trial. SETTING: Multicenter trial in one university hospital and nine general hospitals. PATIENTS: Patients with active Crohn disease and a Van Hees Activity Index of 140 or more. Of 71 patients who were randomly assigned, 60 completed treatment and were analyzed. INTERVENTIONS: For 16 weeks, 30 patients received sulphasalazine, 6 g/d (or 4 g/d if adverse effects occurred) and prednisone, 30 mg/d initially. Prednisone therapy was tapered in increments of 5 mg/2 wk to 10 mg/d after 8 weeks. Thirty other patients received sulphasalazine and a placebo. MEASUREMENTS AND MAIN RESULTS: In the first 6 weeks of treatment, the Van Hees Activity Index decreased to a median of 70% (interquartile range, 57% to 81%) of the initial value in patients treated with sulphasalazine and prednisone and to a median of 87% (interquartile range, 70% to 94%) in patients treated with sulphasalazine alone (P = 0.001). In the last 4 weeks of treatment, the corresponding figures were 63% (interquartile range, 40% to 75%) and 70% (interquartile range, 54% to 90%) (P = 0.10). The Crohn's Disease Activity Index decreased in the first 6 weeks to a median of 65% (interquartile range, 57% to 86%) in patients receiving sulphasalazine and prednisone and to a median of 75% (interquartile range, 58% to 101%) in patients receiving sulphasalazine alone (P = 0.13). In the last 4 weeks of treatment, the corresponding figures were 65% (interquartile range, 42% to 90%) and 76% (interquartile range, 49% to 110%) (P = 0.19). CONCLUSIONS: The use of prednisone in addition to sulphasalazine in patients with active Crohn disease results in a significantly faster initial improvement, but not in a significantly better result after 16 weeks of treatment, when disease activity is measured by the Van Hees Activity Index. "
5,"Aerobic and anaerobic microbiology of acute suppurative parotitis. Aspirates of pus from acute suppurative parotitis were studied for aerobic and anaerobic bacteria. Bacterial growth was present in 23 specimens. A total of 36 bacterial isolates (20 anaerobic and 16 aerobic and facultative) were recovered, accounting for 1.6 isolates per specimen (0.9 anaerobic and 0.7 aerobic and facultative). Anaerobic bacteria only were present in 10 (43%) patients, aerobic and facultatives in 10 (43%), and mixed aerobic and anaerobic flora in 3 (13%). Single bacterial isolates were recovered in 9 infections, 6 of which were Staphylococcus aureus and 3 were anaerobic bacteria. The predominant bacterial isolates were S. aureus (8 isolates), Bacteroides sp. (6 isolates, including 4 Bacteroides melaninogenicus group), and Peptostreptococcus sp. (5). beta-Lactamase-producing organisms were recovered from 11 (73%) of the 15 specimens tested. This study highlights the polymicrobial nature and importance of anaerobic bacteria in acute suppurative parotitis. "
1,"Microscopic pulmonary tumor embolism causing subacute cor pulmonale: a difficult antemortem diagnosis [published erratum appears in Mayo Clin Proc 1991 Apr;66(4):439] Microscopic pulmonary tumor embolism is difficult to diagnose. The most common initial clinical symptom is subacute progressive dyspnea, and the initial laboratory evaluation typically shows hypoxemia in a patient with clear lung fields on a chest roentgenogram. Another distinguishing feature may be hepatic abnormalities. In general, pulmonary angiography discloses no evidence of emboli, but multiple subsegmental peripheral perfusion defects are noted on ventilation-perfusion lung scans. The diagnosis of microscopic pulmonary tumor embolism can be confirmed by open-lung or transbronchial lung biopsy or by microvascular pulmonary cytology, a less invasive procedure that could be performed at the time of pulmonary angiography. Herein we describe two patients with unsuspected microscopic pulmonary tumor embolism that eventuated in subacute cor pulmonale and death. These cases illustrate the characteristic findings of this entity and emphasize the need for early diagnosis. "
3,"Special considerations for research with pharmacologic agents. As physical medicine and rehabilitation becomes more and more complicated, the medical rehabilitation research teams are often bewildered by the sweeping changes occurring in the application of therapeutic drugs for rehabilitation. Society, through the instrument of governmental regulations, dictates that all new treatments must be efficacious before ""release."". "
4,"Efficacy of percutaneous mitral balloon valvuloplasty with the inoue balloon. Percutaneous mitral balloon valvuloplasty has become an accepted technique for use in selected patients with severe, symptomatic mitral stenosis. Recently, a new balloon catheter with an ""hourglass"" shape and specially designed guidewires and dilators has become available (Inoue balloon). The design of this balloon provides ease of manipulation and self-stabilization across the mitral valve during inflation. These features should decrease the incidence of complications associated with the procedure. Preliminary results in 12 consecutive patients who underwent percutaneous mitral balloon valvuloplasty with the Inoue balloon are presented. The mitral valve area increased from 0.92 +/- 0.21 cm2 before the procedure to 1.75 +/- 0.40 cm2 after the procedure. No complications occurred from the procedure, including no increase in severity of mitral regurgitation or creation of an atrial septal defect. Further follow-up is necessary to determine the long-term efficacy with this new balloon. Nonetheless, the preliminary results are encouraging. "
5,"Systolic wall stress and ventricular arrhythmia: the role of acute change in blood pressure in the isolated working rat heart. 1. The effect of a sudden acute change in blood pressure upon arrhythmia provocation has been studied in an isolated working heart model from the Wistar-Kyoto strain of rat. Twenty-four hearts were studied. 2. They were perfused with two different, modified, Krebs-Henseleit solutions at a fixed left atrial pressure. 3. Acute changes in pressure, both increases and decreases, were arrhythmogenic. Whilst ectopic activity was more predictably produced by pressure reductions, this consisted of simple ventricular ectopics only. Pressure increases, in contrast, were capable of provoking more complex and sustained arrhythmias. 4. The effect of pressure changes were highly dependent upon electrolyte concentrations in the perfusate. Low potassium and magnesium concentrations increased the amount of arrhythmia provoked by pressure increases but tended to reduce that provoked by pressure reductions. 5. We conclude that the direct effect of an acute change in pressure upon the myocardium is arrhythmogenic. However, the myocardial response to a pressure change is interdependent upon prevailing electrolyte concentrations. "
2,"Visceral protothecosis mimicking sclerosing cholangitis in an immunocompetent host: successful antifungal therapy. A healthy 39-year-old man who had clinical findings consistent with sclerosing cholangitis was found to have systemic protothecosis at surgery. Severe granulomatous inflammation and palpable nodules were found in the gallbladder, on the surface of the liver, and in the duodenum. Prototheca wickerhamii was detected in biopsied specimens and stool; the titer of indirect fluorescent antibody to this organism was 1:2,000. The patient recovered after a short course of treatment with amphotericin B and 3 months of oral therapy with ketoconazole. He had no other concurrent illness and had no abnormality in his immune system. This is the second reported human case of systemic protothecosis. An elevated IgG level, an elevated erythrocyte sedimentation rate, eosinophilia, and abnormal levels of enzymes in the liver were found in both cases. Protothecosis should be considered in the differential diagnosis of hepatic and biliary inflammatory diseases of uncertain etiology. "
3,"Muscle biopsy for diagnosis of malignant hyperthermia susceptibility in two patients with severe exercise-induced myolysis. Muscle biopsy and in vitro contracture tests for diagnosis of susceptibility to malignant hyperthermia (MH) were performed in two patients who had developed fever and severe myolysis during exercise. MH susceptibility was confirmed in one patient, but in the other, exercise-induced heat stroke proved to be the correct diagnosis. Clinical presentation and epidemiology of exercise-induced MH and its relation to the heat stroke syndrome are discussed. "
4,Pulmonary hypertension five years after left pneumonectomy for adenoid cystic carcinoma. We report the findings in a patient with shortness of breath due to pulmonary hypertension five years after left pneumonectomy. Mediastinal recurrence of an incompletely resected and slowly growing adenoid cystic carcinoma of the left main bronchus had encased the right main pulmonary artery. 
2,"Bleeding ectatic vascular lesion involving the sigmoid colon, endoscopically indistinguishable from angiodysplasia, in an 8-yr-old boy. An 8-yr-old Japanese boy was hospitalized, complaining of active hematochezia. He was shown to have a cherry-red, blood-oozing area of vascular dilation with mucosal prominence in the sigmoid colon by endoscopy, but had no other mucocutaneous vascular abnormalities. A family history was noncontributory. Under the clinical diagnosis of angiodysplasia of the sigmoid colon, he underwent an elliptical resection of the part, based on the intraoperative endoscopic findings. However, histological examination of the surgical specimen revealed a totally different picture from that seen in angiodysplasia: the thin-walled, markedly ectatic, nontortuous veins with hemorrhage were seen only just below the muscularis mucosae, around which the normal ones were shown to coexist. He has had no rebleeding for the past 3 yr. This lesion is considered to be an isolated congenital visceral telangiectasia involving veins. "
4,"Effects of anxiety on family members of patients with cardiac disease learning cardiopulmonary resuscitation. The effects of anxiety on learning cardiopulmonary resuscitation (CPR) by family members of patients with cardiac disease was examined. Family members of hospitalized patients (n = 17), family members of nonhospitalized patients (n = 12), and a control group (n = 21) all took one of nine Heart Saver programs in which CPR was taught and performance evaluated. Subjects took the State Anxiety Inventory three times: immediately before the program, immediately after the performance test, and 2 months after completion of the program. Family members of hospitalized patients had significantly higher before-program anxiety scores than the other groups. This difference was not present immediately after the program or 2 months later. Family members of hospitalized patients showed a significant decline in anxiety over the three testing times. These outcomes support the benefit of teaching CPR to this group. "
3,"Maple syrup urine disease caused by a partial deletion in the inner E2 core domain of the branched chain alpha-keto acid dehydrogenase complex due to aberrant splicing. A single base deletion at a 5'-splice donor site of an intron of the E2 gene disrupts the consensus sequence in this region. We have studied the molecular bases of maple syrup urine disease by analyzing the activity, subunit structure, mRNA sequence, and the genome of the affected enzyme. The branched chain alpha-keto acid dehydrogenase (BCKDH) activity in the patient was 4.2-4.5% of the control level. Immunoblot analysis revealed that the E2 subunit of BCKDH (Mr 52,000) was absent and another protein band with an Mr of 49,000 was present. We amplified the cDNA of the E2 subunit obtained from the patient's cell using the polymerase chain reaction method, then sequenced the amplified cDNA, in which a 78-bp deletion was identified. The consanguineous parents and a sister had two species of mRNA; the one corresponding to the normal E2 subunit and the other with a 78-bp deletion, whereas findings in a brother were normal. The molecular size of the translation products as deduced from the abnormal mRNA sequence was compatible with an abnormal protein band (Mr 49,000) detected in the patient's cells by immunoblot analysis. Analysis of genomic DNA of BCKDH-E2 subunit revealed that the 78-bp deletion in the mRNA was caused by an exon skipping due to a single base deletion in the 5'-splice donor site. As a result of the mutation, part of the inner E2 core domain was omitted. The specified region of the inner E2 core domain was highly homologous to the region of the E2 subunit of pyruvate dehydrogenase and alpha-ketoglutarate dehydrogenase. These observations imply the biological importance of the region in the inner E2 core domain of BCKDH to maintain normal function of the activity. "
3,"Tuberothalamic infarct after division of a hypoplastic posterior communicating artery for clipping of a basilar tip aneurysm: case report. The authors present a case of a tuberothalamic infarct subsequent to division of the posterior communicating artery for clipping of a high-lying aneurysm of the basilar bifurcation using the pterional approach. In view of this clinical observation and some particular aspects of the microsurgical anatomy of the perforating vessels of the posterior communicating artery, we conclude that interrupting this parent vessel carries a significant risk of infarction. "
5,"Longitudinal study of diagnoses in children of women with unipolar and bipolar affective disorder. School-age children of unipolar depressed, bipolar, chronically medically ill, or normal women were diagnosed every 6 months for up to 3 years. Offspring of unipolar women had the highest rates of disorder at all evaluations, but children of bipolar and medically ill mothers also experienced significant rates of disorder. Observing diagnoses from both past lifetime and prospective follow-up assessments, it appeared that most children who had diagnoses had onsets in preadolescence and continued a chronic or intermittent course of disorder. Thus, risk to offspring of ill mothers is not transitory and indicates a pernicious course that commonly includes effective disorders alone or in combination with behavior and anxiety disorders. "
4,"Popliteal vascular trauma. A community experience. Preventing amputation continues to be a significant challenge when popliteal vascular injuries occur. A retrospective review of cases from the San Diego County (California) Trauma System identified 108 patients with 76 blunt and 32 penetrating arterial injuries. The limb preservation rate was 88%; there were 13 amputations. The fracture-dislocated knee injury and close-range shotgun blasts were particularly limb threatening. In general, the trauma system achieved rapid evaluation of injuries and early operative intervention. All 13 patients who underwent amputations presented with signs of severe ischemia. Concomitant injuries to the popliteal vein, tibial nerves, and soft tissue were significantly more frequent in patients who underwent amputations. The importance of complete fasciotomy for compartment hypertension, early reconstructive management of soft-tissue injuries, and expeditious arterial repair, frequently without preoperative roentgenographic suite arteriography, is emphasized. An aggressive, multidisciplinary approach is required to achieve a functional extremity when popliteal vascular trauma occurs. "
3,"Effect of plasmapheresis on serum and CSF autoantibody levels in CNS paraneoplastic syndromes. We compared the effect of plasmapheresis on antineuronal autoantibody titers in the serum and CSF of 3 patients with CNS paraneoplastic syndromes. Plasmapheresis reduced the serum autoantibody titer to 20% of the initial levels in the 3 patients, but the CSF autoantibody titer decreased only in the patient with severe damage of the blood-brain barrier. "
3,"Effects of acute hypermagnesemia on the threshold for lidocaine-induced seizures in the rat. The effects of acute changes in plasma magnesium concentration on the threshold for lidocaine-induced seizures were evaluated in mechanically ventilated rats receiving 70% nitrous oxide and 30% oxygen. In experiment 1, male rats were intravenously administered either 0.9% sodium chloride (group I) or 5.0% magnesium sulfate to elevate plasma magnesium levels to 5.8 +/- 0.1 (group II) or 10.5 +/- 1.0 mg/dl (group III). In experiment 2, pregnant rats were intravenously administered either 0.9% sodium chloride (normomagnesemia) or magnesium sulfate, resulting in a plasma magnesium concentration of 7.8 +/- 1.4 mg/dl. Thirty minutes later, a continuous intravenous infusion of lidocaine (2.3 mg/kg per minute) was begun in both experiments. Biparietal electroencephalographic activity was monitored continuously. At the onset of electroencephalographic seizure activity, arterial plasma magnesium and lidocaine concentrations were measured. In groups I and III (experiment 1), brain parenchymal magnesium was also assayed. There were no differences in plasma lidocaine concentrations (in experiments 1 or 2) between saline solution and hypermagnesemic groups at onset of seizures. Brain magnesium level was unaltered by magnesium sulfate infusion. We conclude that acute administration of magnesium sulfate alters neither brain magnesium level nor the plasma lidocaine concentration associated with onset of electroencephalographic seizures. "
2,"Pressure measurements from biliary and pancreatic segments of sphincter of Oddi. Comparison between patients with functional abdominal pain, biliary, or pancreatic disease. Using a minimally compliant infusion system and a triple-lumen pressure recording catheter, we obtained endoscopic manometric measurements from both the common bile duct and pancreatic duct segments of the sphincter of Oddi (SO) in 58 patients. Fifteen patients (ages 27-69) had the diagnosis of functional abdominal pain, 19 patients (ages 30-76) had partial biliary obstruction, and 24 patients (ages 15-80) had idiopathic acute recurrent pancreatitis. Resting ductal pressure was similar in the common bile duct and pancreatic duct in all patient groups. In the group with functional pain, basal SO pressure was similar, whether obtained from the common bile duct or pancreatic duct sphincteric segment. Eight of 19 patients with partial biliary obstruction had elevated basal SO pressure. Five of these eight patients had elevated basal SO pressure confined exclusively to the common bile duct segment of the sphincter, while three patients had elevated basal SO in both segments. Conversely seven of 24 patients with acute recurrent pancreatitis had an elevated basal SO pressure, with five patients having pressure elevation only in the pancreatic duct segment while two patients had abnormal basal SO pressure in both segments. We conclude that selective cannulation of the common bile duct and/or the pancreatic duct during manometric study of the SO is necessary in order to diagnose segmental SO dysfunction responsible for partial biliary obstruction or episodes of acute recurrent pancreatitis. "
5,"Review of the all-polyethylene tibial component in total knee arthroplasty. A minimum seven-year follow-up period. A retrospective analysis of 144 total knee arthroplasties was performed between 1975 and 1981 with a minimum follow-up period of seven years. A posterior cruciate condylar prosthesis was used in each procedure. Patients were followed clinically and roentgenographically, and a set of statistical variables was established based on elevation in joint line, tibial component angular alignment, overall limb alignment, and position of the tibial component on anteroposterior and lateral roentgenograms. Review of the study group found that the Hospital for Special Surgery knee scores improved from a preoperative score of 55 to a postoperative score of 88, with 94.5% having good or excellent results. The mean postoperative range of motion was 106 degrees with a mean extension of -0.3 degrees. Radiolucencies developed in 41% of the knees with 5% of the knees having progressive radiolucencies. Eight knees were considered failures based on clinical and roentgenographic evaluations. Factors found to significantly affect the formation of radiolucent lines included a shift of the tibial component medially by greater than 4 mm, a varus tilt of the tibial component greater than 2 degrees, and the diagnosis of rheumatoid arthritis. The only variable associated with aseptic loosening was an elevation of the joint line by greater than 8 mm. "
1,"Cytologic features of poorly differentiated 'insular' carcinoma of the thyroid, as revealed by fine-needle aspiration biopsy. The authors report on the cytologic features of six cases of poorly differentiated ""insular"" carcinoma (IC) of the thyroid, a recently described variety of thyroid tumor intermediate between well-differentiated and anaplastic neoplasms. It is characterized by trabecular and/or alveolar growth patterns, merging with follicular areas, and by the absence of pleomorphism in the tumor cells. Fine-needle aspiration biopsy (FNAB) materials (both smears and cell-block preparations) from six patients were reviewed after the diagnosis of IC was confirmed on the surgical specimen. The following cytologic features were consistently found: high cellularity and necrotic background; low grade of atypia; trabeculae and/or clusters, possibly associated with microfollicles, of cells with poorly defined cytoplasm; and cytoplasmic vacuoles containing thyroglobulin. Nuclear inclusions and grooving of the nuclear surface were additional features. Preoperative diagnosis suggestive of IC might be of value for planning surgical treatment and subsequent therapy. "
3,"Sexual changes in hemiparetic patients. Eighty-six patients, each with hemiparesis caused by a single stroke, were studied to assess the changes in sexual life experienced after the onset of the illness. Clinical data were collected, and a questionnaire concerning both sexual behavior and feelings about sexuality was administered to the patients and their spouses. Twenty-four couples were eliminated from further analysis because of a discrepancy between husband and wife in the answers concerning sexual behavior after stroke. A marked decline in sexual activity after stroke was found in both genders; other aspects of sexual behavior underwent fewer changes. The feeling of an overall change in sexual life was reported more frequently by male patients. Most patients' spouses reported the feeling of an overall psychological change in their partners and the feeling of an overall change in sexual life after the onset of the illness. No significant associations were found between clinical features and changes in sexual life. This study confirms that cerebrovascular accidents are generally followed by some important alterations in sexual life. Clinical factors do not seem to play a crucial role in determining these changes, which may be better explained in terms of maladjustment attributable to psychologic and interpersonal factors. "
5,"Proliferation and substrate effects on endothelial cell thrombogenicity. The effects of the cellular differentiation status and the adhesive-substrate on endothelial cell function in cell culture were measured with an enzyme based assay of surface thrombogenicity. A solid plastic, microporous polymeric, and fibronectin (FN) treated microporous polymeric were used as substrates for growth of endothelial cells. The microporous and FN treated synthetic substrates have been shown to aid in the induction of cellular differentiation mechanisms. Cells were studied under proliferative and nonproliferative growth conditions. The thrombogenicity of the surface created by the endothelial cell monolayers under various experimental conditions was determined using an enzyme based assay of fibrin deposition. Actively proliferating cells on the solid plastic substrate produced the most thrombogenic surface, while confluent endothelial cell monolayers grown on FN treated microporous substrate were the least thrombogenic surfaces. These data suggest that endothelial cell surface thrombogenicity is under substrate control, and also related to the cellular differentiation status. These findings are being used to design a novel approach to the small diameter synthetic vascular graft problem. "
3,"Genetic cause of a juvenile form of Tay-Sachs disease in a Lebanese child. Abnormality in the beta-hexosaminidase alpha gene underlying the clinical phenotype of a Lebanese patient with a juvenile form of Tay-Sachs disease has been studied. Clinical features were progressive spasticity, ataxia, and cognitive decline. The protein coding sequence of several beta-hexosaminidase alpha-chain complementary DNAs isolated by polymerase chain reaction was completely normal except for a G-to-A transition at nucleotide position 1511 within exon 13, which resulted in substitution of the normal arginine 504 (CGC) with histidine (CAC). Although the patient was from a first-cousin marriage, she was heterozygous for this mutation. The abnormality in the other allele, which is carried by the father, was not identified, except that it is neither of the two mutations responsible for the infantile Jewish Tay-Sachs disease. Biosynthetic and immunoprecipitation studies in cultured fibroblasts showed synthesis of the alpha-chain precursor, but the mature form of the alpha-subunit was not detected. "
2,"Bile acids and the increased risk of colorectal tumours after truncal vagotomy. An association between colorectal cancer and previous peptic ulcer surgery is reported. In a prospective screening study, 100 asymptomatic patients (80 men and 20 women) who had undergone truncal vagotomy at least 10 years previously were investigated by barium enema, colonoscopy and gallbladder ultrasonography. Control data were obtained from forensic autopsy subjects. The incidence of neoplasms greater than or equal to 1.0 cm in the vagotomized group was 14 per cent (11 adenomas, 3 carcinomas) and 3 per cent in controls (P = 0.01). Duodenal bile obtained at endoscopy from 21 vagotomized patients with normal gallbladders and from 21 control patients undergoing endoscopy was analysed by high performance liquid chromatography. The mean percentage of cholic (CA), chenodeoxycholic (CDCA), deoxycholic (DCA) and lithocholic (LCA) acids in the bile of vagotomized patients was 32.3, 45.6, 20.7 and 1.4 per cent respectively compared with 45.3, 36.2, 17.9 and 0.7 per cent respectively in controls. The increased proportions of CDCA and LCA and decreased proportions of CA in the duodenal bile of vagotomized patients were significant (P less than 0.001; P = 0.02; P = 0.007). Abnormalities in bile acid metabolism may help to explain the increased risk of colorectal neoplasia 10 years after truncal vagotomy. "
4,"Bronchial hyperreactivity in patients with mitral valve disease. To elicit the mechanism of bronchial hyperreactivity (BHR) in chronic heart failure (CHF), a methacholine inhalation test, pulmonary function test, and cardiac catheterization were performed in 19 patients with mitral valve disease (MVD), and the change of severity of BHR before and after mitral valve replacement (MVR) was also examined in seven of 19 patients with MVD. Sixteen of 19 patients with MVD showed significant increase in respiratory resistance in methacholine inhalation test, while all normal subjects did not. The maximal expiratory flow at 25 percent of vital capacity (Vmax25), a parameter of small airway disease, correlated significantly with log cumulative dose producing a 35 percent decrease in respiratory conductance (PD35Grs) (r = 0.536) and the duration of symptoms (r = -0.682). There was a significant correlation between log PD35Grs and mean pulmonary artery wedge pressure (r = -0.466). After MVR, log PD35Grs was significantly improved in all seven operated-on patients, although six patients retained BHR. We conclude that patients with long-term MVD have marked BHR and that BHR in long-term MVD is related to peripheral airway narrowing with organic remodeling, which was not ameliorated with MVR procedure, in addition to pulmonary congestion. "
1,"Effect of interleukin-1-beta on metastasis formation in different tumor systems. Experiments were done to determine the effect of interleukin-1-beta (IL-1 beta) on metastasis formation in different tumor systems. Intravenous administration of 1 microgram of human recombinant IL-1 beta given 1 hour before tumor cell injection augmented lung colony formation (experimental metastases) by the human A375 melanoma variants, the human HT-29M colon carcinoma, the SN12-K1 renal carcinoma in nude mice, the murine B16 melanoma variants, and the murine UV-2237M fibrosarcoma in syngeneic recipients. The same treatment did not induce lung colony formation by a human rectal carcinoma (HCC-P2988) or by a murine reticulum cell sarcoma (M5076), both of which are not metastatic to the lung. Spontaneous metastases were studied in C57BL/6 mice bearing the B16-BL6 melanoma (metastatic to the lung) in their footpad and the M5076 reticulum cell sarcoma (metastatic to the liver) subcutaneously. Daily intraperitoneal treatment with 1 microgram of IL-1 beta increased lung and liver metastases. These findings indicate that treatment of mice with IL-1 beta can increase the number of artificial or spontaneous metastases and that this effect is not limited to a single tumor type or to a specific organ. "
4,"Prognostic significance of exercise versus resting blood pressure in hypertensive men. The outcome of 143 male hypertensive patients, investigated in the period 1972-1982, was ascertained in 1989 to determine if brachial artery pressure measured during a progressive graded exercise test on the bicycle ergometer is a better predictor of mortality and cardiovascular events than pressure at rest. During the total follow-up time of 1,573 patient years, 27 patients suffered at least one fatal or nonfatal cardiovascular event and 13 patients died. Using the Cox regression model, the age-adjusted relative hazard rates of systolic pressure at supine rest, at 50 W, at peak work load, and at 50% of peak exercise capacity were significant for total mortality (p less than or equal to 0.01) and for cardiovascular events (p less than or equal to 0.03). Pressure during exercise, however, did not significantly (p = 0.11-0.97) predict the outcome of the patients when age and pressure at rest were taken into account. The results were similar for diastolic pressure. In conclusion, intra-arterial pressures at rest and during submaximal and peak exercise significantly predict mortality and the incidence of cardiovascular events in hypertensive men, independent of age. However, there is no additional prognostic precision of the exercise pressures when age and the rest pressure are taken into account. "
5,"Studies of controlled reperfusion after ischemia. XXI. Reperfusate composition: superiority of blood cardioplegia over crystalloid cardioplegia in limiting reperfusion damage--importance of endogenous oxygen free radical scavengers in red blood cells. Postischemic damage is caused partially by oxygen free radical-mediated injury. This study will show that (1) crystalloid cardioplegia with room air oxygen is deleterious because it is devoid of free radical scavengers and (2) blood cardioplegia limits damage because it contains endogenous free radical scavengers in red blood cells. METHODS: Thirty-two dogs underwent 2 hours of ligation of the left anterior descending coronary artery followed by 20 minutes of regional blood cardioplegic reperfusion on bypass. Ten dogs received only the blood cardioplegic solution (containing its endogenous free radical scavengers); five received initial blood cardioplegia (5 minutes) with endogenous free radical scavengers (catalase and glutathione peroxidase) blocked by aminotriazole and N-ethylmaleimide, respectively; 12 received initial crystalloid cardioplegic solution oxygenated by room air (oxygen tension = 150 mm Hg); seven without and five with exogenous free radical scavengers (superoxide dismutase, catalase, coenzyme Q10); five received initial deoxygenated crystalloid cardioplegic solution (oxygen tension = 6 mm Hg); and five received deoxygenated crystalloid cardioplegic solution. RESULTS: Blood cardioplegia with endogenous free radical scavengers produced the best recovery of systolic shortening (69% systolic shortening) and resulted in the least histochemical damage (11% triphenyltetrazolium chloride nonstaining). The worst recovery and most damage occurred if blood cardioplegia was preceded by oxygenated crystalloid cardioplegia (3% systolic shortening, 48% triphenyltetrazolium chloride nonstaining; p less than 0.05 versus blood cardioplegia) or if free radical scavengers were blocked in the initial period of blood cardioplegia (3% systolic shortening, 41% triphenyltetrazolium chloride nonstaining; p less than 0.05 versus blood cardioplegia). Conversely, deoxygenation or supplementation of oxygenated crystalloid cardioplegic solution with exogenous free radical scavengers restored 60% systolic shortening (p less than 0.05 versus oxygenated crystalloid cardioplegia) and 54% systolic shortening (p less than 0.05 versus oxygenated crystalloid cardioplegia) and reduced damage to 34% and 21% (both p less than 0.05 versus oxygenated crystalloid cardioplegia). CONCLUSION: Blood cardioplegic solutions containing their own endogenous free radical scavengers are superior to crystalloid cardioplegic solutions, because they limit oxygen-mediated perfusion damage and restore contractile function. Initial crystalloid cardioplegic washout negates the salutary effect of blood cardioplegia. Exogenous free radical scavenger supplementation or deoxygenation of the cardioplegic reperfusate is necessary only if crystalloid cardioplegia is used. "
1,Increased expression of the multidrug-resistance gene in undifferentiated sarcoma. We analyzed multidrug-resistance gene (mdr1 gene) expression in a patient with undifferentiated sarcoma of the liver using the cloned cDNA for the mdr1 gene. Tissue samples were available at the time of initial diagnosis and of two intracranial relapses after chemotherapy with a regimen including doxorubicin and teniposide. The level of mdr1 gene expression was increased sevenfold in the intracranial tumor at the time of first relapse and 11-fold at the second relapse. This case may be an example of acquired multidrug resistance associated with overexpression of the mdr1 gene. 
4,"Different plasma ionized calcium correlations with blood pressure in high and low renin normotensive adults in Utah. Plasma ionized calcium levels have been shown to be lower than normotensive control levels in hypertensive patients with low plasma renin activity and higher than control levels in hypertensive patients with high renin activity; they did not differ between high and low plasma renin activity groups of normotensive controls. To see if ionized calcium may have different relationships with blood pressure across renin categories in normotensive individuals, plasma ionized calcium was measured on 875 healthy individuals, ages 3 to 83, who had never been diagnosed as having hypertension. Blood pressures were measured in the sitting, standing, and supine positions, along with pressures measured during two stress maneuvers: isometric handgrip and a 50 degrees tilt from a supine position. There was no linear correlation of blood pressure with plasma ionized calcium in the entire sample of youths or adults. However, after dividing the adults into tertiles based on plasma renin activity, there were significant inverse correlations between ionized calcium and systolic and diastolic blood pressure in the low renin group (r = -0.16 to -0.25, P less than or equal to .05), while the systolic blood pressure correlations were significantly positive in the high renin group (r = 0.14 to 0.22, P less than or equal to .05). Adults with normal renin levels did not have any significant correlations of plasma ionized calcium with blood pressure. These confounding effects of renin were greater for systolic than for diastolic blood pressure. These correlations within renin tertiles occurred even though there were no differences in mean blood pressure, plasma ionized calcium, total plasma protein and plasma sodium across renin categories. "
1,"A case of cecocolic intussusception with complete invagination and intussusception of the appendix with villous adenoma. Villous adenoma of the appendix is a rare neoplasm and intussusception of the appendix is a rare pathologic condition. A very rare case seen in a 35-year-old male with pain in the right lateral abdomen is reported. In this patient, the appendix along with the villous adenoma intussuscepted and invaginated into the cecal lumen, and presented as cecocolic intussusception. A polypoid lesion was diagnosed in the cecum by fiberoptic colonoscopy. Unlike polypoid lesions at other sites in the large intestine, polypoid lesions of the cecum may accompany intussusception and invagination of the appendix. Consequently, caution is required in performing endoscopic polypectomy in cases of polypoid lesions of the cecum. "
2,Gingival and cutaneous xanthomatosis associated with primary biliary cirrhosis. Report of a case. The first comprehensive case report of intraoral xanthomatosis associated with primary biliary cirrhosis is detailed. The lesions were present along the free gingival margin and labial vestibule. Crevicular fluid was noted to be tinged yellow. Generalized cutaneous eruptions were also seen. The xanthomas were attributed to the underlying hyperlipoproteinemia. Advanced progression of the hepatic disease necessitated a liver transplant. Disappearance of both oral and skin lesions were subsequently observed. 
3,"Prevention of cardiovascular disease: risks and benefits of aspirin. Aspirin has been tested for its benefit in preventing cardiovascular disease in randomized trials in three categories of patients. In secondary prevention among those with a history of myocardial infarction (MI), stroke or transient cerebral ischemia, or unstable angina pectoris, 25 randomized trials demonstrated significant reductions from aspirin of 25% for the occurrence of an ""important vascular event"" (nonfatal MI, nonfatal stroke, or vascular death), 32% for nonfatal MI, 27% for nonfatal stroke, and 15% for vascular mortality. Among those evolving an MI, the Second International Study of Infarct Survival (ISIS-2) showed a significant reduction of 23% in five-week vascular mortality among those started on a one-month regimen of daily aspirin within 24 hours of the onset of symptoms of suspected MI. Aspirin also significantly reduced reinfarction, nonfatal stroke, and important vascular events. Finally, in primary prevention, the US Physicians' Health Study (PHS) showed a significant 44% reduction in the occurrence of a first MI among apparently healthy male physicians; numbers of strokes and vascular deaths were insufficient to permit conclusions for these endpoints. Thus, aspirin is of clear benefit in reducing MI, stroke, and vascular death in secondary prevention and among those evolving an MI. It is also beneficial in the primary prevention of MI among men over 40, but data concerning its effects on stroke and vascular death remain inconclusive. "
4,"Efficacy of potassium and magnesium in essential hypertension: a double-blind, placebo controlled, crossover study OBJECTIVE--To evaluate the antihypertensive activity of potassium given alone or in combination with magnesium in patients with mild hypertension. DESIGN--A double blind, randomised, placebo controlled, crossover trial of 32 weeks' duration. SETTINGS--Cardiology outpatient department, Sassoon General Hospitals, Pune, India. PATIENTS--37 Adults with mild hypertension (diastolic blood pressure less than 110 mm Hg). INTERVENTION--Patients received either placebo or potassium 60 mmol/day alone or in combination with magnesium 20 mmol/day in a crossover design. No other drug treatment was allowed. MEASUREMENTS--Blood pressure and heart rate assessed at weekly intervals and biochemical parameters at monthly intervals. RESULTS--Potassium alone or in combination with magnesium produced a significant reduction in systolic and diastolic blood pressures (p less than 0.001) and a significant reduction in serum cholesterol concentration (p less than 0.05); other biochemical variables did not change. Magnesium did not have an additional effect. Urinary potassium excretion increased significantly in the groups who received potassium alone or in combination with magnesium. The drug was well tolerated and compliance was satisfactory. CONCLUSION--Potassium 60 mmol/day lowers arterial blood pressure in patients with mild hypertension. Giving magnesium as well has no added advantage. "
1,"Immunoscintigraphy of ovarian cancer with indium-111-labeled OV-TL 3 F(ab')2 monoclonal antibody. The safety and diagnostic accuracy of immunoscintigraphy with the indium-111-labeled monoclonal antibody OV-TL 3 F(ab')2(111In-OV-TL 3 F(ab')2) for diagnosis and follow-up of ovarian cancer was prospectively studied in 31 patients. Planar and SPECT scintigraphy were performed up to 4 days after i.v. injection of 140 MBq 111In-OV-TL 3 F(ab')2. Surgical evaluation was possible in 22 out of 31 patients. Imaging results were compared with X-ray computed tomography, ultrasound, and CA 125 serum level using the histologically confirmed surgical findings as a ""gold standard."" Apart from a transient rash observed in two patients, no other immediate or delayed adverse reactions were observed. Within the surgically evaluated group, ovarian cancer lesions were detected in 16 out of 17 patients (94%). Of 45 distinct tumor deposits found at operation, 67% were detected and localized with immunoscintigraphy while X-ray computed tomography and ultrasound visualized 53% and 23%, respectively. "
4,"Lung vascular injury after administration of viable hemolysin-forming Escherichia coli in isolated rabbit lungs. Escherichia coli hemolysin, a transmembrane pore-forming exotoxin, is considered an important virulence factor. In the present study, the possible significance of hemolysin production was investigated in a model of septic lung failure through infusion of viable bacteria in isolated rabbit lungs; 10(4) to 10(7) E. coli/ml perfusate caused a dose- and time-dependent appearance of hemolysin, accompanied by release of potassium, thromboxane A2, and PGI2 into the perfusate. Concomitantly, marked pulmonary hypertension developed. Inhibitor studies suggested that the pressor response was predominantly mediated by pulmonary thromboxane generation. Administration of hemolysin-forming E. coli additionally caused a protracted, dose-dependent increase in the lung capillary filtration coefficient, followed by severe edema formation. The permeability increase was independent of lung prostanoid generation. An E. coli strain that releases an inactive form of hemolysin completely failed to provoke the described biophysical and biochemical responses. Preapplication of 2 x 10(8) human granulocytes was without effect in the present experimental model. We conclude that the hemolysin produced by low numbers of E. coli organisms can provoke thromboxane-mediated pulmonary hypertension and severe vascular leakage. E. coli hemolysin and, possibly, other related cytolysins may thus contribute directly to the pathogenesis of acute respiratory failure under conditions of sepsis or pneumonia. "
4,"Impact of the availability of a prior electrocardiogram on the triage of the patient with acute chest pain STUDY OBJECTIVE: To determine whether information from a prior electrocardiogram (ECG) improves diagnostic accuracy in the emergency department (ED) evaluation of patients with acute chest pain. DESIGN: Analysis of prospectively collected data from a cohort study. SETTING: Emergency departments of four community and three university hospitals. PATIENTS: 5,673 patients aged greater than or equal to 30 years who presented to the EDs of participating hospitals for evaluation of acute chest pain, including 772 (14%) with acute myocardial infarction (AMI). MEASUREMENTS AND MAIN RESULTS: After adjusting for clinical characteristics, no significant difference was found in the sensitivities of admission to the hospital or to the coronary care unit (CCU) between AMI patients with and without prior ECGs available for review. However, non-AMI patients with prior ECGs available for review were more likely to avoid CCU admission than were non-AMI patients without prior ECGs. This improvement in specificity was most marked in the 2,024 patients whose current ED ECGs had changes consistent with ischemia or infarction: when a prior ECG was available, non-AMI patients were more than twice as likely to be discharged (26% vs. 12%) and about 1.5 times as likely to avoid CCU admission (39% vs. 27%) (both p less than 0.0001). Admission rates of AMI patients with and without prior ECGs were similar. CONCLUSION: When the current ECG is consistent with ischemia or infarction, the availability of a prior ECG for comparison to determine whether the ECG changes are old or new improves diagnostic accuracy and triage decisions by reducing the admission of patients without AMI or acute ischemic heart disease (increased specificity) without reducing the admission of patients with these diagnoses (unchanged sensitivity). "
1,"Polypoid melanoma: a virulent variant of nodular melanoma. Report of three cases and literature review. We report the cases of three patients with polypoid melanoma. In no case was there microscopic evidence of melanoma cell invasion below the papillary dermis. In the polypoid variant of nodular melanoma, melanoma cells accumulate in large volume above the skin's surface. This increase in tumor volume encourages dislodgment of melanoma cells that are carried to superficial lymphatic vessels without invading the reticular dermis; this feature differentiates polypoid melanoma from the nonpolypoid nodular variant. Although polypoid melanoma is considered the most malignant form of melanoma, our findings, albeit limited to three cases, suggest that early diagnosis and prompt surgical excision may provide a favorable 5-year survival rate. "
4,"Pheochromocytoma and acute myocardial infarction. When a pheochromocytoma is manifested as an acute myocardial illness, diagnosis may be difficult to make. If the tumor is suspected early enough, a workup can be done while the complications of the myocardial illness are being controlled (as in our case). The tumor can then be expeditiously removed before any further problems develop. The case presented here underscores the importance of maintaining a high index of suspicion for a pheochromocytoma in any patient who has an unexpected myocardial event. "
3,"Eosinophilia-myalgia syndrome (L-tryptophan-associated neuromyopathy). Histopathologic study of skeletal muscle biopsy in a patient with eosinophilia-myalgia syndrome following L-tryptophan use showed prominent lymphocytic perineuritis, neuritis, and perimysial fasciitis. The presence of perineuritis and neuritis provides a histopathologic basis for clinical features of neuropathy in eosinophilia-myalgia syndrome and occurred in conjunction with a fasciitis or interstitial myositis that was predominantly perimysial and focally endomysial. "
1,"Aneuploidy in pancreatic insulinomas does not predict malignancy. Nuclear deoxyribonucleic acid (DNA) ploidy studies with paraffin embedded archival material from 14 pancreatic insulinomas were performed by flow cytometry. Clinical follow-up (2 to 17 years; mean, 8 years) was obtained for all patients. Half of the tumors had a normal DNA histogram and half exhibited an abnormal DNA profile consistent with DNA aneuploidy. Six of the seven patients with aneuploid tumors are alive and disease free (2 to 5 years postresection), and one is alive with metastatic disease. Of the seven patients with tumors showing normal DNA profiles, five are alive and disease free, one is dead of disease, and one is alive with metastatic disease. These data suggest that DNA ploidy analysis is unlikely to provide useful prognostic information for patients with insulinomas. "
4,"Intravenous enalaprilat therapy for hypertension. The angiotensin-converting enzyme inhibitor enalapril is available for intravenous administration in the form of enalaprilat. Intravenous enalaprilat is indicated for the management of hypertension when oral therapy is not feasible. However, there are no reports of intravenous enalaprilat therapy exceeding one week in duration. We report the case of a critically ill, 39-year-old woman who received intravenous enalaprilat for the management of hypertension for a period of 21 days. The patient's blood pressure and heart rate were controlled adequately on a regimen of enalaprilat 1.25 mg iv piggyback q6h without any apparent adverse effects. "
2,"Endoscopic management of chronic organoaxial volvulus of the stomach. Endoscopic correction of the chronic organoaxial volvulus of the stomach was attempted in seven cases of primary and three cases of secondary volvulus. Endoscopic correction was successful in six cases of primary volvulus and one case of volvulus secondary to duodenal carcinoma. This paper describes the details of the technique of endoscopic correction of gastric volvulus, and documentation of correction of the volvulus by barium meal study with a follow-up of 5-26 months. "
4,"Auto-PEEP during CPR. An ""occult"" cause of electromechanical dissociation? A 64-year-old man with severe COPD developed refractory nonperfusing sinus rhythm after intubation and positive-pressure ventilation. Fifteen minutes after resuscitative efforts were halted, the patient was noted to have spontaneous respirations and blood pressure, suggesting that dynamic hyperinflation was responsible for the observed electromechanical dissociation (EMD). We recommend a brief trial of apnea for patients with COPD and EMD when conventional measures are unsuccessful. "
3,"Dysmorphogenesis elicited by microinjected acetaminophen analogs and metabolites in rat embryos cultured in vitro. Direct additions of acetaminophen (APAP), 3,5-dimethylacetaminophen, 3-hydroxyacetaminophen or 3-methoxyacetaminophen to the medium of cultured embryos each produced an increased incidence of morphologically similar, abnormally open anterior neuropores. Approximate concentrations required to produce an equal incidence were 0.5 mM, 1.0 mM, 0.1 mM and 0.75 mM, respectively. In contrast, 2.6-dimethylacetaminophen and N-acetyl-p-benzoquinoneimine failed to produce elevated incidences of abnormal neurulation unaccompanied by marked growth retardation. However, with intra-amniotic microinjections, 3-hydroxyacetaminophen and N-acetyl-p-benzoquinoneimine were roughly equipotent for eliciting abnormal neurulation, whereas 3-methoxyacetaminophen required greater than 30-fold higher concentrations. This suggests that N-acetyl-p-benzoquinoneimine does not readily transit the visceral yolk sac and would likely not be a major factor in APAP-elicited neural tube abnormalities unless generated in target tissues. The differential effects produced by two dimethylated (2.6 and 3.5) APAP analogs further suggest that sulfhydryl oxidation is associated more closely than sulfhydryl conjugation with the neurulation defect. Intra-amniotic microinjections of large quantities (3500 ng) of 7-hydroxy-2-acetylaminofluorene (7-OH-AAF) or APAP failed to produce the specific neurulation defect. Microinjections of 7-OH-AAF into the exocoelomic cavity effected the characteristic abnormal neurulation. Conversion by conceptal homogenates of 7-OH-AAF was roughly 7- to 8-fold more rapid than conversion of APAP to respective catechol metabolites, and specific activities in yolk sac tissues were greater than those in the embryo. Rates of conceptal conversion to the quinoneimine were approximately 2- to 3-fold lower than catechol generation. "
2,"Intussusception and the diagnostic value of testing stool for occult blood. A retrospective review was performed to determine the diagnostic value of testing for occult blood in stool of children suspect for intussusception. Ninety-six children had barium enema studies for suspected intussusception. Of the 57 children who had barium enema confirmed intussusception, 29 did not have history or physical findings of gross blood per rectum. Stool was tested for occult blood in 16 of these 29 patients, and 12 (75%) were positive. In comparison, three (20%) of the children who did not have intussusception had stool positive for occult blood. Stool with occult blood was significantly associated with intussusception (P less than .002). The only other clinical factor significantly associated with intussusception was abdominal mass (P less than .02). Vomiting, episodic irritability, poor feeding, abdominal pain and lethargy were not significantly different in the two groups. In conclusion, the authors suggest stool testing for occult blood when evaluating children who present with nonspecific signs and symptoms supportive of intussusception. "
2,"Treatment of anorectal abscess with or without primary fistulectomy. Results of a prospective randomized trial. To determine whether primary fistulectomy should be performed or not at the time of incision and drainage, a prospective, randomized study in 70 patients with anorectal abscess was conducted. Thirty-six patients underwent incision, drainage and fistulectomy with primary partial internal spincterectomy (group I), whereas in 34 patients anorectal abscess was treated by incision and drainage alone (group II). After a median follow-up of 42.5 months, the combined recurrence or persistence rate was 2.9 percent in group I and 40.6 percent in group II (P less than 0.0003, log-rank test). Recurrent abscesses or persistent fistulas were treated by secondary partial internal sphincterectomy. Comparing anal continence before and 1 year after definite treatment, we found increased anal function disturbances in 39.4 percent of the patients in group I and in 21.4 percent of the patients in group II (P less than 0.106, Fisher-exact test). The combined recurrence or persistence rate of 40.6 percent indicates that more than half of the patients with anorectal abscess will have no further problems after simple incision and drainage. This finding, as well as the increased anal function disturbances after partial internal sphincterectomy (either primary or secondary) are the main reasons to reserve fistulectomy as a second stage procedure if necessary. "
2,"Endoscopic and histologic appearance of the gastric mucosa in patients with portal hypertension. To assess reliability of the endoscopic and histologic appearance of the gastric mucosa for diagnosing portal hypertension, 50 patients with portal hypertension and 1323 controls were studied. Endoscopic evidence of mild gastritis was seen more frequently in patients with portal hypertension than in the control group (42% vs. 13.1%, p less than 0.001). The mosaic sign was also seen more frequently in patients with portal hypertension compared with controls (14% vs. 0.9%, p less than 0.001). However, the mosaic sign was found to be nonspecific, and the sensitivity for diagnosis of portal hypertension was only 14%. Biopsy specimens from the stomach of all patients with portal hypertension and 100 controls with a normal endoscopic appearance revealed mucosal vascular congestion in 72% of patients with portal hypertension compared with 59% of controls (NS). There was no correlation between endoscopic and histologic evidence of congestive gastropathy. Similarly, there was no correlation between the severity of mucosal vascular congestion and the degree of inflammatory changes observed in the biopsy specimens; both in the control (r = 0.1) and in patients with portal hypertension (r = 0.14). It is concluded that endoscopic and histologic features of the gastric mucosa in patients with portal hypertension are of low sensitivity and nonspecific and cannot be used to diagnose portal hypertension. "
3,"Lesions of the mid-shaft of the humerus presenting as shoulder capsulitis. We describe three patients who presented with pain and restriction of movement at the shoulder suggestive of capsulitis, but proved to have lesions of the mid-shaft of the humerus. It is important to be aware of the possibility of this cause of a 'frozen shoulder', since radiographs of the shoulder are usually cropped at the mid-humerus and lesions at this level may easily be missed. A radiograph of the entire humerus, or an isotope bone scan, may be more useful than repeated shoulder radiographs in patients whose shoulder symptoms do not respond to standard treatment. "
1,"The transoral approach for the management of intradural lesions at the craniovertebral junction: review of 7 cases. The main difficulty in dealing with intradural lesions located ventrally in the region of the craniovertebral junction (CVJ) is related to their relative inaccessibility. Posterolateral approaches involve some manipulation of the brain stem and provide limited access because of the necessity of working between the cranial nerves. Even then, the view of the ventral midline and across is limited. The transoral approach, which has been widely used for the management of extradural lesions in this area, is also useful for the treatment of intradural lesions. It provides an unimpeded although somewhat restricted, view of the ventral aspect of the CVJ without the need for brain retraction. The cranial nerves and vertebral arteries are not interposed between the surgeon and the lesion. The risks of cerebrospinal fluid leakage and infection are greatly diminished by the use of fibrin adhesive and prolonged diversion of the cerebrospinal fluid. The use of this approach, together with its technical difficulties and results, in the management of seven purely intradural lesions located ventrally at the CVJ, is discussed. "
3,"Hypoglycemia, hypotonia, and cardiomyopathy: the evolving clinical picture of long-chain acyl-CoA dehydrogenase deficiency. Inherited defects in fatty acid oxidation, which have been described and diagnosed with increasing frequency in the last decade, are most commonly attributed to a deficiency in the activity of medium-chain acyl-CoA dehydrogenase. Few cases of the related enzyme defect of long-chain acyl-CoA dehydrogenase activity have been reported. An infant with documented long-chain acyl-CoA dehydrogenase deficiency is described with a detailed metabolic profile, long-term clinical follow-up, and response to treatment. This patient is compared with the seven previously published cases of this disorder in order to stress the unique features of the initial presentation, more subtle late manifestations of the disease, and clinical and biochemical differentiation from the more common medium-chain acyl-CoA dehydrogenase deficiency. This report stresses the enlarging spectrum of the clinical presentation and natural history of this defect in fatty acid oxidation. "
3,"Young-onset Parkinson's disease: a clinical review. Young-onset Parkinson's disease (YOPD) is arbitrarily defined as that which produces initial symptoms between the ages of 21 and 39, inclusive. The special problems and concerns of the patient with YOPD present as much of a challenge and opportunity for the clinician as the disease itself does for the researcher. In contrast to juvenile parkinsonism, which is a heterogeneous group of clinicopathologic entities presenting (also arbitrarily) before age 21, YOPD appears to be the same nosologic entity as older-onset PD. It comprises approximately 5% of referral populations in Western countries and about 10% in Japan. Its annual incidence relative to the population at risk is about 1/10 that of PD at age sixty. YOPD tends to have more gradual progression of parkinsonian signs and symptoms, earlier appearance of levodopa-related dyskinesias and levodopa-dose-related motor fluctuations, and frequent presence of dystonia as an early or presenting sign. Studies conflict with regard to the suspected greater familial frequency and lesser frequency of dementia than in older-onset PD. "
2,"Omeprazole 20 mg three days a week and 10 mg daily in prevention of duodenal ulcer relapse. Double-blind comparative trial. In a double-blind, parallel-group clinical trial of 195 patients with duodenal ulcers who after a short-term study had relief of pain and healed ulcers proved endoscopically, 65 were randomized to receive 20 mg omeprazole 3 days a week (once in the morning from Friday to Sunday), 64 to receive 10 mg omeprazole once daily in the morning, and 66 to receive placebo for up to 6 months. The patients underwent repeat endoscopy with biopsy of the gastric fundic mucosa (qualitative assessment of argyrophilic cell population), assessment of symptoms, and laboratory screening with measurement of basal serum gastrin concentrations at 3 and 6 months or more often if indicated by recurrence of symptoms. At 3 months, endoscopically proved ulcer relapse occurred in 16% receiving 20 mg omeprazole 3 days a week; 21% receiving 10 mg omeprazole daily; and 50% receiving placebo. At 6 months, corresponding rates were 23%, 27%, and 67% with 95% confidence intervals of difference between the placebo group and omeprazole groups of 28%-60% and 24%-56% (P less than 0.00001), respectively, and between omeprazole groups of -19%-11% (NS). No major clinical or laboratory side effects were noted. Thus both omeprazole regimens are effective and safe in preventing duodenal ulcer relapse. "
2,"Differential regulation of liver P-450III cytochromes in choline-deficient rats: implications for the erythromycin breath test as a parameter of liver function. Progressive liver fibrosis in rats develops when they are fed a diet deficient in choline. This diet also results in a pronounced and selective decrease in the liver microsomal content of a phase I drug-metabolizing enzyme belonging to the cytochrome P-450III gene family. Because P-450III cytochromes characteristically catalyze the N-demethylation of erythromycin, we believed that the production of breath CO2 from erythromycin would be dramatically reduced in choline-deficient rats. However, when 12 choline-deficient rats were compared with 9 control rats, the reduction in CO2 production from erythromycin (mean decrease 71%) was essentially identical to that from aminopyrine (mean decrease 69%), a substrate believed to be metabolized normally by the hepatocyte in fibrotic liver disease. Furthermore, we found that the relative erythromycin and aminopyrine demethylase activities were comparable when measured in vitro in liver microsomes prepared from the choline-deficient rats. To determine the molecular basis for the erythromycin demethylase activity in the choline-deficient rats, the liver microsomes were subjected to immunoblot analysis using a variety of polyclonal and monoclonal antibodies capable of distinguishing individual P-450III-related proteins. Our studies confirm that a major erythromycin demethylase belonging to the P-450III family, termed P-450p, was greatly reduced in the choline-deficient rat liver. However, the specific concentration of a second P-450p-related protein was essentially normal and that of a third P-450p-related protein was actually increased in the choline-deficient rat liver. "
3,"Orbital intramuscular schwannoma. In an 8-year-old girl with asymptomatic proptosis, computed tomographic scans showed a large medial orbital mass that contoured the globe anteriorly, bowed the optic nerve laterally, and extended posteriorly to the orbital apex. T1-weighted coronal magnetic resonance images showed the mass to be a diffusely enlarged medial rectus muscle. Histopathologic examination of a medial rectus muscle biopsy specimen disclosed a multinodular, intramuscular schwannoma, separating and infiltrating normal skeletal muscle fibers. The intramuscular location and multinodular configuration of this tumor, together with its occurrence in a child, distinguish it from previous orbital schwannomas. "
5,"Pilot study of nicardipine for acute ischemic stroke. The author performed a pilot study of nicardipine (NC), a Ca(+)+ channel blocker, to study its dosing, toxicity, and possible efficacy for hemispheric cerebral infarction within 12 hours (mean 6.9 hr) of onset to determine the advisability of proceeding with a multi-centered controlled trial. NC was administered IV (3 to 7 mg/hr) X 72 hours by titrating dose to mean arterial blood pressure (MABP not less than 10% of baseline), then orally X 30 days. Forty-three patients have been entered; mean age 63 (range 34-89), 25 male and 18 female. Only 3 had CT evidence of infarct on entry. Results have shown improvement in a 100-point (pt) graded exam (40 pts at entry, 68 pts at 3 months). Of 20 patients completing 3 months' evaluation, 17 improved and none worsened. Sixteen out of 20 were at home and 8 had minimal or no impairment. Mean Barthel's index was 72. Mean maximal serum NC level was 75 ng/mL. MABP decreased from 103 (entry) to 83 (72 hours). A larger controlled study is warranted to determine the efficacy of NC for acute cerebral infarct. "
3,"Levels of the human hepatocyte growth factor in serum of patients with various liver diseases determined by an enzyme-linked immunosorbent assay. We have found a hepatotrophic factor in plasma or sera of patients with fulminant hepatic failure and have purified human hepatocyte growth factor from plasma of these patients. In this study we developed an enzyme-linked immunosorbent assay with high specificity and sensitivity for human hepatocyte growth factor in human serum. This assay for serum human hepatocyte growth factor is a sandwich method consisting of three steps. The standard curve for human hepatocyte growth factor appeared to be linear in the range of 0.20 to 12.50 ng purified human hepatocyte growth factor/ml (2.35 to 147 pmol/L). The assay took about 4 hr. Serum human hepatocyte growth factor values in patients with fulminant hepatic failure measured by enzyme-linked immunosorbent assay showed a strong positive correlation with that by bioassay using rat hepatocytes in primary culture. The mean value of serum human hepatocyte growth factor for 30 normal subjects was 0.24 +/- 0.12 (S.D.) ng/ml; that for 23 patients with fulminant hepatic failure was 8.06 +/- 1.76 (S.E.M.) ng/ml- greater than 30 times greater than the mean value for normal subjects. Serum human hepatocyte growth factor levels in patients with acute hepatitis, chronic hepatitis and cirrhosis were found to be slightly higher than those in normal subjects, but only the increase in serum human hepatocyte growth factor of acute hepatitis patients was statistically significant. The enzyme-linked immunosorbent assay for serum human hepatocyte growth factor should prove useful for serum human hepatocyte growth factor level measurement in patients with various liver diseases. "
1,"Review of hepatic imaging and a problem-oriented approach to liver masses. We believe that imaging of the liver is complicated. The sporadic appearance of incidental benign lesions and variability in scanning techniques, equipment and artifacts add difficulties to the evaluation of liver masses. Therefore we emphasize the need to define the problem for which the patient is being imaged. This information helps in choosing the procedure of choice and the technique needed to give the most expedient, accurate answer. This will also help apply the lowest risk and most cost-efficient care. Imaging algorithms vary depending on the suspected pathological conditions. Dynamic bolus-enhanced CT is the modality of choice in most situations. Tc99m sulfur-colloid liver-spleen scans are helpful in patients with suspected FNH, and Tc99m-tagged-RBC-SPECT scans are recommended to confirm cavernous hemangiomas. Cysts are easily confirmed by US. Although MRI is competitive with CT, it has not become a primary modality because of cost, availability, patient selection and variability of scanner capabilities among the many manufacturers and models. It is hard to predict what future development of imaging techniques will bring. Many feel that significant advances have plateaued. Time and money will more likely be concentrated on improving image resolution, speed of scanning and ability to transfer this information to sites outside of the radiology department. In addition to faster scanning, we expect to soon have available safe intravenous and enteric contrast agents for MRI. Certainly this will lead to a new round of investigations to compare MRI with CT scanning. "
2,"Reversibility of hepatic fibrosis in experimentally induced cholestasis in rat. The reversibility of hepatic fibrosis was investigated in an experimental model of extrahepatic cholestasis in the rat after common bile duct ligation for 2 weeks, followed by bilioduodenal anastomosis for 3 weeks. Bile duct ligation resulted in a transitory marked elevation in the serum concentration of 5'-nucleotidase, alkaline phosphatase, and bilirubin during the first 3 days. Then these levels decreased to threefold, twofold, and 100-fold the normal values, respectively, during the following 4 weeks. Histologic examination of the liver disclosed extensive bile duct proliferation and the formation of periportal fibrosis, with only slight inflammation and necrosis. The distribution of the major components of the hepatic extracellular matrix was analyzed 2 weeks after bile duct ligation, using the indirect immunoperoxidase method. Fibrous septa were found to be strongly stained for collagens I, pro-III, III and IV, fibronectin, and laminin. The most intense staining was found in enlarged periportal areas, collagen IV and laminin being particularly abundant around newly formed bile ducts. These changes paralleled high steady-state levels of alpha 1(I) and alpha 1(IV) collagen and B2 chain laminin mRNAs. Relief of the obstruction for 2 weeks resulted in a shift in the serum concentration of 5'-nucleotidase, alkaline phosphatase, and bilirubin toward normal values. A dramatic resorption of bile duct proliferations and periportal fibrosis were observed. Three weeks after bile duct repermeabilization, immunohistochemical study showed that the pattern of distribution of extracellular matrix components was almost normal, except for collagen IV, which remained abundant in the sinusoids when compared with the normal liver. In parallel, the steady-state B2-chain laminin mRNA level became lower than in cholestatic livers, whereas alpha 1(I) and alpha 1(IV) mRNAs were almost undetectable. These results show that hepatic fibrosis induced by experimental extrahepatic cholestasis in rat disappears in less than 3 weeks after relief of bile duct obstruction, suggesting that an active degradation of matrix protein occurs, except for collagen IV in the sinusoid. "
4,"ACE inhibition improves vagal reactivity in patients with heart failure. The deranged autonomic control of heart rate was studied in 34 patients with heart failure (New York Heart Association [NYHA] functional class II to III) by examining the carotid sinus baroreflex. The carotid sinus baroreceptors were stimulated by graded suction. The slope of the regression line between increases in cycle length and the degree of neck suction was taken as an index of baroreflex sensitivity. The reflex response is mediated by a selective increase of vagal efferent activity. Baroreflex sensitivity therefore represents a measure of vagal reactivity. Using multiple regression analysis, baroreflex sensitivity (BS) correlated positively to stroke volume index (SVI) and inversely to plasma renin activity (PRA) and to age: BS = 0.47 SVI - 0.38 PRA - 0.23 age + constant (r = 0.74; p less than 0.0005). In addition to digitalis and diuretics, angiotensin-converting enzyme (ACE) inhibitors (captopril or enalapril) were given to 16 patients for a mean of 17 +/- 3 days. The patients with hemodynamic improvement (group A) exhibited improved baroreflex sensitivity (1.4 +/- 0.4 to 3.6 +/- 1.2 msec/mm Hg; p less than 0.01). Baroreflex sensitivity remained unchanged (3.1 +/- 0.8 to 2.4 +/- 1.0 msec/mm Hg; n.s.) in the patients without hemodynamic improvement (group B). The increase in reflex sensitivity did not correlate with hemodynamic alterations. Baroreflex sensitivity during ACE inhibition (BSD) was only related to the baseline baroreflex sensitivity (BSB): BSD = 2.8 BSB - 0.46 (r = 0.84; p less than 0.005). In patients with heart failure, reflex bradycardia decreases with age and with PRA and increases with stroke volume. Chronic therapy with ACE inhibitors enhances vagal reactivity in patients with hemodynamic improvement. "
4,"Silicone pouch for protection of automatic implantable cardioverter-defibrillator leads. Automatic implantable cardioverter-defibrillator has become routine treatment for recurrent, drug-resistant ventricular tachycardia. Although there is documentation regarding clinical experience and device performance, there is little information on how to avoid complications related to the retrieval of sensing and defibrillation leads from the subcutaneous space. We are reporting our experience with a silicone pouch for protection of automatic implantable cardioverter-defibrillator leads that allows immediate and simple retrieval of the leads in case an automatic implantable cardioverter-defibrillator generator is needed. "
5,"The comportmental learning disabilities of early frontal lobe damage. Two adult patients are described who suffered bilateral prefrontal damage early in life and who subsequently came to psychiatric attention because of severely aberrant behaviour. A battery of developmental psychology paradigms (not previously used to assess neurologically impaired individuals) showed that social and moral development of these 2 patients was arrested at an immature stage. In comparison with other types of brain damage which disrupt cognitive development, frontal damage acquired early in life appears to provide the neurological substrate for a special type of learning disability in the realms of insight, foresight, social judgement, empathy, and complex reasoning. "
3,"Magnetic resonance imaging of the head and spine: effective for the clinician or the patient? OBJECTIVES--To test how the results of magnetic resonance imaging influence clinicians' diagnoses and management plans for patients with cranial and spinal problems and to assess changes in the quality of life of these patients. DESIGN--Survey of patients undergoing cranial and spinal magnetic resonance imaging with questionnaires about diagnoses and intended management plans before and after imaging and quality of life questionnaires at the time of imaging and again four months later. SETTING--Regional magnetic resonance imaging and spectroscopy unit. SUBJECTS--100 consecutive patients referred for cranial imaging in early 1989; 100 similar patients referred for spinal imaging. MAIN OUTCOME MEASURES--Changes in clinicians' leading diagnoses after magnetic resonance imaging and their confidence in these diagnoses; changes in intended management plans; assessment of the contribution to the future management of the patient; changes in patients' quality of life. RESULTS--Magnetic resonance imaging altered the clinicians' leading diagnoses in 35 of 169 (21%) cases. The clinicians became more confident about their leading diagnoses in 90 of 167 (54%). There was a change in management plan in 113 of 182 (62%). The clinicians considered that magnetic resonance imaging made an important contribution to management in 119 of 162 (73%) patients. Overall, the patients' quality of life was unchanged at the four month assessment. CONCLUSIONS--Magnetic resonance imaging of patients with cranial and spinal problems influences clinicians' diagnoses and management plans, but the quality of life of these patients remains unchanged. "
2,"Tongue atrophy in mixed connective tissue disease. A case is reported of tongue atrophy in a patient with mixed connective tissue disease (MCTD) and major myositic involvement. The case highlights oropharyngeal aspects of MCTD, including inability to wear dentures, dysarthria, and dysphagia. To our knowledge this is the first report of major tongue involvement in myositis as part of MCTD. "
5,"Translocation (9;22) is associated with extremely poor prognosis in intensively treated children with acute lymphoblastic leukemia. The prognostic implications of t(9;22)(q34;q11) were assessed at a median follow-up of 3.5 years in 434 children receiving intensive treatment for acute lymphoblastic leukemia (ALL). Four-year event-free and overall survivals were 81% and 88%, respectively, in 419 children lacking t(9;22), but were 0% and 20%, respectively, in 15 children with t(9;22) (P less than .001). Poor outcome for children with t(9;22)-positive ALL was particularly notable because we have reported improved survival in other historically poor prognosis ALL cytogenetic categories when treated with similarly intensive therapy. We recommend that very intensive treatment approaches, including bone marrow transplantation in first remission, be considered for all children with t(9;22)-positive ALL. "
5,"Pathophysiology, monitoring, and management of the ventilator-dependent patient: considerations for drug therapy, emphasis on stress ulcer prophylaxis. Adult respiratory distress syndrome (ARDS), or noncardiac pulmonary edema, is a form of acute hypoxemic respiratory failure. The goals of treatment for patients with ARDS are to provide supportive therapy, to reverse the underlying etiology or pathology, and to prevent subsequent complications. Supportive therapy consists of supplemental oxygen, positive end-expiratory pressure, and, often, mechanical ventilation. The reversal of the underlying pathology varies according to the etiologic origin of ARDS. Complications from ARDS include stress ulcers, which occur when gastric aggressive and defensive functions become unbalanced. Antacids and cytoprotective agents are used for stress ulcer prophylaxis, but histamine H2-receptor antagonists are now regarded as the standard of care. Because all the marketed H2-receptor antagonists are efficacious, choice of the agent is based on the adverse effect profile and drug interactions. No definitive data currently exist linking stress ulcer prophylaxis regimens that raise intragastric pH to a significant risk for nosocomial pneumonia. "
1,"Hyperfunctioning metastatic follicular thyroid carcinoma in Pendred's syndrome. A 66-year-old woman with Pendred's syndrome underwent a partial thyroidectomy when she was 17 years old. At the age of 52 years, she had a second thyroid operation because of hyperthyroidism due to a toxic multinodular goiter with a mediastinal extension consisting of several separate nodules. Five years later a hyperfunctioning metastatic follicular carcinoma was diagnosed histologically. After treatment with radioactive iodine, the patient was well. To the authors' knowledge, this is the first description of a metastatic follicular thyroid carcinoma in Pendred's syndrome and the first report of hyperthyroidism occurring after malignant degeneration of a dyshormonogenetic goiter. "
2,"A small animal model of human Helicobacter pylori active chronic gastritis. Isolation of a spiral-shaped bacterium closely related to Helicobacter pylori from the cat stomach made it possible to investigate new small animal models of gastric infection. Pure cultures of this bacterium, provisionally named ""Helicobacter felis,"" were fed to germ-free mice. The organism colonized the stomach in large numbers in mucus and deep in the gastric pits and showed the same gastric trophism found with H. pylori. Significant histopathology was seen in all H. felis-infected mice. At 2 weeks postinfection, an acute inflammatory response was seen composed primarily of eosinophils and neutrophils. At 3 weeks, the polymorphonuclear response was more pronounced with large numbers of neutrophils in some areas forming small microabscesses. Lymphocytes also increased in number. By 8 weeks, several relatively large lymphoid nodules were present in the submucosa. Multiple small microabscesses were still present in the pyloric mucosa. This is the first animal model of bacterial gastritis to be described that shows progression from acute inflammation to persistent acute on chronic inflammation (active chronic) as is seen in human infection with H. pylori. "
4,Deep venous thrombosis in intravenous cocaine abuse mimicking septic arthritis of the shoulder. We describe two patients with deep venous thrombosis of the upper extremity who initially were thought to have septic arthritis of the shoulder. These patients had a history of recent intravenous cocaine abuse. The diagnosis of deep venous thrombosis should be considered when a patient with a swollen shoulder has an appropriate history. 
1,"Is liver transplantation justified for the treatment of hepatic malignancies? Twenty-eight patients received orthotopic liver transplants for malignant disease between February 1, 1984, and December 31, 1989. Preoperative diagnoses included hepatocellular carcinoma (n = 16), cholangiocarcinoma (n = 3), other primary hepatic tumors (n = 6), and metastatic diseases to the liver (n = 3). Overall actuarial survivals at 6 months, 1 year, and 5 years were 67.3%, 51%, and 31%, respectively. Long-term survival longer than 5 years was achieved in 3 patients. The recurrence rate in patients surviving longer than 3 months is 48% (median, 7 months). Hepatocellular carcinoma and cholangiocarcinoma had the poorest survival and highest recurrence rates. Specific prognostic factors correlating with survival or recurrence could not be elucidated. These results indicate that orthotopic liver transplants can provide long-term cure and palliation for malignant disease; however, patient selection is extremely important in predicting outcome. "
2,"Autosomal dominant polycystic kidney disease--more than a renal disease. Autosomal dominant polycystic kidney disease (ADPKD) is the most common genetic disease, affecting a half million Americans. The clinical phenotype can result from at least two different gene defects. One gene that can cause ADPKD has been located on the short arm of chromosome 16. This discovery has made possible new methods for diagnosing the disorder in gene carriers prior to the development of renal cysts. Although renal cysts are clearly an important manifestation of the gene defect, other systemic manifestations are both common and clinically important. Cardiac valvular lesions, intracranial aneurysms, hepatic cysts, and diverticula are included in the array of systemic manifestations. Moreover, renal cysts are only one of a myriad of renal manifestations. Although ADPKD was long considered an adult cystic disease, it is also a common cause of childhood cystic disease and must be considered in the differential diagnosis in that setting. "
2,"Reevaluation of manometric criteria for vigorous achalasia. Is this a distinct clinical disorder? Clinical and manometric data from 97 consecutive patients with idiopathic achalasia were analyzed to see if a distinct subset with vigorous achalasia could be identified. Statistical analyses failed to detect a unique group of subjects based on the distribution of contraction wave amplitudes alone. Because of this, patients falling above the 95th percentile (N = 4, mean wave amplitude greater than 100 mm Hg for each) were compared with those having mean amplitudes above the conventional threshold for the diagnosis of vigorous achalasia (mean amplitude 60-100 mm Hg, N = 4), and with the remainder (N = 89, mean amplitude less than 60 mm Hg). Subjects with mean amplitudes less than 60 mm Hg and with mean amplitudes 60-100 mm Hg closely resembled each other in all measured clinical features, whereas subjects with mean amplitudes greater than 100 mm Hg were all male, were older (67 +/- 4 years vs 47 +/- 2 years; P less than 0.01), and appeared to have somewhat longer duration of symptoms when compared with the remainder (82 +/- 41 vs 44 +/- 10 months; P = 0.4). Chest pain and other esophageal symptoms, basal and residual lower sphincter pressures, and response to first treatment did not differ among the three groups. These data indicate that high-fidelity manometry techniques identify a rare subset of achalasia patients with mean contraction amplitudes exceeding 100 mm Hg that, although older and possibly with greater duration of symptoms, presents similarly to others with idiopathic achalasia. Outcome from conventional treatment is also similar for the ""vigorous"" and ""nonvigorous"" patients, making the distinction of questionable value. "
2,"Chylous ascites should suggest constrictive pericarditis even in a patient with cirrhosis. Chylous ascites, a milky, high triglyceride fluid is usually found in patients with lymphatic obstruction from malignancy. We describe a patient with cirrhosis who developed constrictive pericarditis and chylous ascites. Long-standing portal hypertension compounded by elevated central venous pressure provided several pathophysiologic contributions to the formation of the chylous ascites. Chylous ascites even in a cirrhotic requires prompt assessment for conditions leading to elevated central venous pressure. "
3,"Occult, bilateral anterior sacral and intrasacral meningeal and perineurial cysts: case report and review of the literature. None of the more than 180 cases of anterior sacral meningocele reported in the past 150 years has been bilateral, and only two have been associated with occult intrasacral meningocele. We report a unique case of bilateral anterior sacral cysts, communicating with the subarachnoid space, associated with occult intrasacral meningeal and perineurial (Tarlov's) cysts, in an asymptomatic woman. The pertinent clinical and diagnostic imaging literature is reviewed. "
1,"Ovarian myxoma. A study of two cases with long-term follow-up. Two cases of the so-called ovarian myxoma are reported. One was from a 13-year-old girl who had a 31-year follow-up and no evidence of recurrence. The second case, from a 65-year-old woman, recurred intraperitoneally, 19 years after the surgery. Both tumors were myxoid, with round to stellate cells. Immunohistochemical, electron microscopic (EM), and DNA flow cytometric (FCM) studies were performed on formalin-fixed, paraffin-embedded tissue of the second patient on both the primary tumor and the recurrence. Tumor cells expressed vimentin and were focally positive for desmin and myoglobin. EM findings suggested a fibroblastic differentiation. An aneuploid cell population was present in the recurrent tumor by DNA-FCM studies. Only four other cases of so-called ovarian myxoma were reported to date, and the follow-up does not exceed 18 months. The authors conclude that the presence of aneuploidy and the late recurrence of one of their cases suggest that certain ovarian myxomas might behave like low-grade sarcomas. The histogenesis of this tumor remains unsettled, but similarities were found with myxomas in other locations. "
3,"Time of rehabilitation admission and severity of trauma: effect on brain injury outcome. Outcome after traumatic brain injury, defined by the Glasgow Outcome Scale (GOS) and length of stay in acute rehabilitation, was measured in 59 patients admitted to an intensive rehabilitation program to examine the effects of severity of the initial brain injury, severity of multiple trauma, and length of stay in the acute care hospital. Severity of initial brain injury, best measured by length of coma, was the most significant predictor of GOS outcome. Length of acute hospitalization was a small, but significant, predictor of GOS. Severity of initial brain injury, length of acute hospitalization, and gender emerged as predictors of length of rehabilitation hospital stay. Although length of acute hospitalization is apparently affected by severity of brain injury, it adds significantly--more than severity of brain injury--to the prediction of length of rehabilitation. "
2,Severe hemorrhagic radiation proctitis advancing to gradual cessation with hyperbaric oxygen. We report a case of a male patient suffering from a severe hemorrhagic radiation proctitis which gradually ceased with hyperbaric oxygen. We discuss the mechanisms of chronic radiation injury and the effect of the hyperbaric oxygen. This therapy is proposed as an alternative to surgical intervention for this abnormality. 
3,Fungal pseudomeningitis superimposed on Escherichia coli meningitis. Pseudomeningitis is the demonstration of microorganisms from the cerebrospinal fluid by stain or culture in a patient with symptoms suggesting meningitis. This is a report of fungal pseudomeningitis superimposed on a case of nosocomial Escherichia coli meningitis resulting from a neurosurgical procedure. Critical care personnel need to be aware of the possibility of pseudomeningitis with or without associated meningitis in the appropriate setting. 
3,"Bilateral homonymous visual field defects as initial manifestation of multiple sclerosis. Symptomatic suprageniculate lesions in multiple sclerosis expressed as a visual field defect are infrequent. The present case developed a bilateral homonymous defect as the initial and unique symptom of the disease. It was confirmed by nuclear magnetic resonance imaging, which disclosed extensive demyelinating areas in both optic nerve radiations. The mode of onset, perimetric findings, and unusual presentation of this condition are briefly discussed. "
2,"Peritoneal blastomycosis. Blastomycosis is a systemic fungal infection caused by Blastomyces dermatitidis. Involvement of the peritoneum is unusual, with only two previously reported cases that occurred in association with disseminated disease. A single case of histopathologically proven blastomycosis involving the peritoneum is presented, as well as a short overview of previously published cases on gastrointestinal and peritoneal blastomycosis. The case is unique in that chronic peritonitis was the only manifestation of disease. The diagnosis was made by laparoscopy. "
3,"Localization of 3H-dihydroergotamine-binding sites in the cat central nervous system: relevance to migraine. Dihydroergotamine (DHE) is the treatment of choice in aborting the acute attack of migraine. Although its efficacy has been known for 40 years, its mechanism of action is still disputed. Data regarding the site of action of dihydroergotamine may provide an insight into its mechanism of action and thus identify a locus of potentially abnormal pathophysiology in migraine. By using in vitro and ex vivo autoradiographic techniques, the localization of specific binding sites for 3H-dihydroergotamine in the cat brain has been examined. Binding was seen in the dorsal horn of the cervical spinal cord, in the medulla, associated with the nucleus of the tractus solitarius, area postrema, and descending spinal trigeminal nucleus, and in the mesencephalon and the cerebral cortex. The highest density of binding sites was found in the dorsal and medial raphe nuclei of the midbrain. Furthermore, these same brain regions were also labeled after intravenous administration of 3H-dihydroergotamine. It is important that the brain areas specifically labeled are key nuclei involved in cranial pain transmission, suggesting that dihydroergotamine may act at these central sites in migraine. "
2,"Extracorporeal piezoelectric lithotripsy for complicated bile duct stones. Today, common bile duct stones are extracted endoscopically. After endoscopic sphincterotomy, nearly 90% of all stones can be removed with a Dormia basket or a mechanical lithotripter. Problems are encountered if there are larger stones or a duct stenosis. New conservative therapies do serve as an alternative to surgical intervention for those few patients in whom endoscopic measures have failed. Stone fragmentation can be achieved by extracorporeal shock wave lithotripsy, and remaining fragments can be removed endoscopically. So far, authors of most reports on the successful disintegration of common bile duct stones used the Dornier lithotripter. Stone localization is thus achieved with x-rays, and the shock waves are generated by an underwater spark discharge. We report on our experiences and results with extracorporeal piezoelectric shock wave lithotripsy (EPL) in 19 patients with complicated bile duct stones. With this lithotripter, stones are visualized by ultrasound, and shock waves are produced by a piezoelectric acoustic generator. Fragmentation was achieved in 84.2%, and complete stone removal in 78.9%. These results show that piezoelectric lithotripsy is also a useful method for the treatment of complicated bile duct stones, as has already been proved for the electrohydraulic- and electromagnetic-generated shock waves systems. However, the renunciation of general anesthesia and the need for analgesia or sedation in only 25% of the treatments render this lithotripter system attractive, especially for elderly and frail patients. "
4,"Traumatic popliteal artery pseudoaneurysms: case report and review of the literature. Traumatic pseudoaneurysms of the popliteal artery are an uncommon late complication of arterial injury. Although reviewed extensively in wartime, they occur less frequently in civilian trauma and have accordingly been less frequently studied. A case report of a traumatic popliteal artery pseudoaneurysm and review of the literature are presented. "
4,"Right-to-left shunting through a patent foramen ovale caused by pulmonary hypertension associated with rheumatoid arthritis and Sjogren's syndrome: a case report. This case report presents a fifty-four-year-old woman with right-to-left shunt in the atrium. It seemed clinically at first that the shunt was due to atrial septal defect. However, she also had pulmonary disease associated with rheumatoid arthritis and Sjogren's syndrome. At autopsy atrial septal defect was not evident, but a patent foramen ovale and pulmonary artery disease were observed. This case suggests that pulmonary hypertension secondary to rheumatoid arthritis and Sjogren's syndrome could lead to right-to-left shunting through a patent foramen ovale. "
1,"Evaluating cervical cone biopsy specimens with frozen sections at hysterectomy. Frozen section evaluations of cervical cone biopsy specimens were performed at the time of hysterectomy to exclude invasive cervical cancer. During a two-year period we prospectively evaluated 43 cone biopsy specimens. We found all the diagnoses made with frozen sections to be accurate when compared with prospective permanent sections, and all patients received appropriate therapy. Thirty-eight cases showed no evidence of invasion. Two patients had invasive squamous cell cervical cancer, one had invasive cervical adenocarcinoma extending to the endometrial cavity, and two had microinvasion. All invasive cancers were diagnosed correctly with frozen sections and confirmed with permanent sections. When hysterectomy immediately followed conization, no complications occurred, and no significant increase in blood loss was noted. We found frozen section evaluation of a cone biopsy specimen at the time of hysterectomy to be a reliable procedure that saves time, eliminates the risk of additional anesthesia and decreases patients' costs. "
5,"Partial gastric corpectomy results in hypergastrinemia and development of gastric enterochromaffinlike-cell carcinoids in the rat. Studies in the rat have shown that partial gastric corpectomy, in which about 75% of the acid-producing oxyntic mucosa was removed, leads to markedly reduced acid secretion and a feedback increase in the plasma gastrin levels. Ten weeks after operation, the gastric enterochromaffin (ECL)-like cell density in the remaining part of the oxyntic mucosa had increased significantly. In the present study, the effects on the gastric ECL cells of lifelong persistent hypergastrinemia induced by partial (75%) corpectomy have been investigated. Seventy-five partially corpectomized rats and 40 control rats were investigated for plasma gastrin and oxyntic mucosal changes in a 124-week study. The partially corpectomized rats showed increased plasma gastrin levels after the operation; the mean increase compared with the controls was almost 10-fold during the entire study. The remaining oxyntic mucosa of the partially corpectomized rats differed from that of control rats in two respects, showing first general hypertrophy and second a marked hyperplasia of argyrophil ECL cells. The degree and incidence of these changes increased towards the end of the study, i.e., in the aging rats. An age-related increase in ECL-cell density occurred spontaneously also in the control rats but to a lesser extent than in the partially corpectomized group. ECL-cell carcinoids were found in the oxyntic mucosa of 26 of the 75 partially corpectomized rats. The first carcinoid was found 78 weeks after the beginning of the study. Six rats with carcinoids (23%) were found before week 104 (2 years) and the remainder, 20 (77%), were discovered later. No carcinoid tumor was found in the control rats. It is concluded that lifelong hypergastrinemia induced by partial corpectomy leads to the development of ECL-cell carcinoids in the oxyntic mucosa of some rats towards the end of their life span. This observation strongly supports the hypothesis that the gastric ECL-cell carcinoids found in rats treated with antisecretory drugs are caused by long-standing hypergastrinemia developing secondary to inhibition of gastric acid secretion. "
4,"Ten-year follow-up of quality of life in patients randomized to receive medical therapy or coronary artery bypass graft surgery. The Coronary Artery Surgery Study (CASS) Quality of life indexes were assessed in 780 patients 10 years after randomization to medical therapy (n = 390) or coronary artery bypass graft surgery (n = 390) in the Coronary Artery Surgery Study. At 10 years, mortality was 21.8% in the medical group and 19.2% in the surgical group (p = NS), and 144 (37%) of the medical group had undergone surgery because of increasing chest pain. At study entry, 22% of medical and surgical patients were angina free; at 1 and 5 years after entry, the frequency of asymptomatic patients was 66% and 63% in the surgical group and 30% and 38% in the medical group. However, by 10 years after entry, the proportion of patients free of angina had fallen to 47% in the surgical group and to 42% in the medical group. Activity limitation and use of beta-blockers and long-acting nitrates were less in the surgical than the medical group at 1 and 5 years after entry but little different from the medical group at 10 years after entry. Throughout follow-up, recreational status, employment status, frequency of heart failure, use of other medications, and hospitalization frequency were similar between the two groups. Thus, indexes of quality of life such as angina relief, increased activity, and reduction in use of antianginal medications initially appear superior in patients with stable manifestations of ischemic heart disease assigned to surgery, but by 10 years after entry, these advantages are much less apparent. Although the observed similarities of the medically and surgically assigned groups at 10 years reflect return of symptoms in the surgical group to some extent, a more important explanation is the performance of late surgery in a large proportion of the medically assigned patients, rendering them asymptomatic. "
5,"Ventriculoperitoneal shunt malfunction during pregnancy. Many women with cerebrospinal fluid shunts are now reaching reproductive age. Shunt malfunction may occur during pregnancy, and management requires a well-planned, combined neurosurgical and obstetrical approach. We present a case of ventriculoperitoneal shunt obstruction manifesting during the third trimester managed successfully in a conservative fashion. The literature on ventriculoperitoneal shunt malfunction during pregnancy is reviewed. "
3,"Cells secreting antibodies to myelin basic protein in cerebrospinal fluid of patients with Lyme neuroborreliosis. An autoimmune response to myelin basic protein (MBP) has been proposed to participate in the development of the chronic neurologic manifestations that may accompany Borrelia burgdorferi-induced Lyme disease. Using an immunospot assay, we counted cells secreting antibodies to MBP. Anti-MBP IgG antibody-secreting cells were detected in CSF from eight of 13 consecutive patients with Lyme neuroborreliosis irrespective of stage of disease. The numbers were between 1/370 and 1/5,000 CSF cells (mean, 1/1,250 in the 13 patients). The highest numbers were encountered in two patients with severe signs of CNS involvement. The numbers decreased in parallel with clinical improvement after treatment. Anti-MBP IgG antibody-secreting cells were also observed in the CSF from patients with a variety of other inflammatory diseases of the nervous system, and their role in the development of tissue damage remains unsettled. Anti-MBP IgG antibody-secreting cells were not detected in the patients' blood, reflecting accumulation of this autoantibody response to CSF. "
5,"Measurement of progressive cerebral ventriculomegaly in infants after grades III and IV intraventricular hemorrhages. To develop guidelines that might help predict prospectively which infants with severe intraventricular hemorrhage (IVH) would require intervention, we obtained serial cranial sonograms to measure the rate of growth of cerebral ventricular volumes in 48 preterm infants with and without IVH. The infants were divided into three groups: (1) those with no IVH (22 infants), (2) those with IVH with acute ventricular dilation (13 infants), and (3) those with IVH with progressive ventricular dilation requiring intervention (13 infants). The decision to intervene because of progressive ventricular dilation was based on clinical criteria and the subjective assessment of increasing ventricular size on weekly cranial sonograms. The rate of cerebral ventricular volume growth in infants with IVH who needed intervention was greater (4.2 +/- 3.3 ml/day) than that in infants without IVH (0.0 +/- 0.1 ml/day; p less than 0.001) and in infants with IVH and acute ventricular dilation (0.0 +/- 0.2 ml/day; p less than 0.001). Using these data, we generated guidelines for predicting prospectively which infants with IVH and ventricular dilation will need intervention for posthemorrhagic hydrocephalus. The guidelines were then confirmed prospectively in 10 infants. "
4,"Coronary angioplasty of diffuse coronary artery disease. From January 1983 through December 1987, 98 patients underwent angioplasty of at least one diffusely diseased coronary artery. Diffuse coronary disease was described as: group I, narrowing greater than or equal to 50% that involved the entire vessel (40 patients), group II, long lesions greater than or equal to 2 cm in length (39 patients), group III, three or more lesions in the same vessel (19 patients). There were 65 men and 33 women, with a mean age of 60 years; 64 patients (65%) had unstable angina, 23 patients (23%) were diabetic, 31 (32%) had prior myocardial infarctions, and 12 had prior bypass surgery. Multivessel disease was present in 89% of patients. Angioplasty of only the diffusely diseased vessel was performed in 41 patients, and additional vessels were dilated in 57 patients. Overall, of 396 lesions (four per patient) and 197 vessels (two per patient) attempted, success was achieved in 382 lesions (96%) and 187 vessels (95%); angiographic success was achieved in 112 of 120 diffusely diseased vessels (93%). Clinical success was achieved in 91 patients (93%). The overall complication rate (death, myocardial infarction, urgent bypass surgery) was 8% (8 of 98): six patients (6%) had myocardial infarction (one Q wave, five non-Q wave), one patient (1%) had urgent bypass surgery, and two patients (2%) died (one during bypass surgery). The majority of complications (7 of 8 or 87%), including the two deaths, occurred in group I patients, with a 17.5% rate, versus 2.5% in group II and 0% in group III, p less than 0.002. "
4,"Reperfusion adjunctive therapy. The beneficial effects of coronary thrombolytic therapy may be enhanced by certain adjunctive therapies. Some of these are of proven value, some appear to offer no benefit in spite of theoretical advantages, and some remain to be evaluated in clinical trials. Acetylsalicylic acid markedly enhances the mortality reduction of thrombolytic therapy and should be used routinely. There is a strong theoretical rationale for the use of heparin, but evidence for its benefit exists primarily in small angiographic trials, and convincing clinical benefit has not yet been demonstrated. Early intravenous beta-blockers were shown in the prethrombolysis era to confer modest benefit, but extensive data on their adjuvant use with thrombolysis are available from only one trial. Intravenous nitrates were demonstrated to reduce mortality in the prethrombolysis era, and are soon to be evaluated in trials employing thrombolytic therapy. The calcium channel blockers, in spite of a variety of theoretical benefits, have proved to be of no value acutely, and in the subacute setting, only diltiazem appears to confer benefit in the subgroup of patients with non-O-wave infarction. Angiotensin-converting enzyme inhibitors are likely to be of value in survivors of acute myocardial infarction with left ventricular dysfunction, and benefits observed with acute use in experimental infarction are now being evaluated in clinical trials. "
3,"National General Practice Study of Epilepsy: newly diagnosed epileptic seizures in a general population. The National General Practice Study of Epilepsy is a prospective population-based cohort study of 1195 patients with newly diagnosed or suspected epileptic seizures. At the time of initial classification (6 months after notification), 104 patients were excluded. Of the remaining 1091 patients, 220 (20% [95% confidence interval 18-23%]) had febrile seizures, 564 (52% [49-55%]) definite epileptic seizures, and 228 (21% [19-23%]) possible epilepsy. In the definite epilepsy group the proportions of males and females were similar, 25% (21-28%) were younger than 15 years and 24% (21-28%) were 60 years or older. The definite seizures were classified as cryptogenic in 62% (58-66%), remote symptomatic in 21% (18-25%), and acute symptomatic in 15% (12-18%). The aetiology of epilepsy was vascular disease in 15% (12-18%) and tumour in 6% (4-8%). Among older subjects the proportion with an identifiable cause was much higher: 49% (41-58%) were due to vascular disease and 11% (6-16%) to tumour. Only 252 (45% [41-49%]) of the 564 patients with definite epileptic seizures were registered at the time of their first seizure. 52% (48-56%) of the patients had partial or secondarily generalised seizures, and only 39% (35-43%) seizures generalised from the outset. "
3,Severe lidocaine intoxication by cutaneous absorption. A severe lidocaine intoxication by cutaneous absorption is described. Data are presented to show a significant absorption of lidocaine through diseased skin when lidocaine cream is used as a local anesthetic. Awareness of this route of intoxication might be important in patients in whom neurologic or psychiatric symptoms develop while large amounts of lidocaine cream are being used. 
5,"Dissection of the aorta and dissecting aortic aneurysms. Improving early and long-term surgical results. We report the improving surgical results in a consecutive series of 690 patients referred to one of us (E.S.C.) for aortic dissection between December 1956 and September 1989, a substantial portion of whom had dissection as a complication of either previous aortic (n = 113, 16) or previous cardiac (n = 54, 8%) operation. Our initial operation of choice in patients requiring multiple operations in this group of 690 patients was based on the most life-threatening or symptomatic aortic segment involved, which was ascending aorta and/or aortic arch (Asc/Arch) in 301 (44%) patients, descending thoracic aorta (Desc) in 195 (28%) patients, and thoracoabdominal aorta (TaA) in 194 (28%) patients. As detailed below, considerable improvement occurred in the 30-day survival rates over time, particularly for acute dissection: [table; see text] The independent determinants of both early and long-term mortality were identified. Independent determinants of late fatal rupture, reoperation, and neuromuscular dysfunction for distal dissectors were also identified. In our experience, continued aggressive surgical intervention for aortic dissection with modern operative techniques has resulted in markedly improved 30-day operative survival (approaching 95% including those patients with acute dissection) and significant improvement in late results. "
1,"Introducing the 'walk-up' flap. Reconstructive oral and maxillofacial surgeons often find the need for additional soft tissue even when a myocutaneous flap has been previously placed. This article introduces the principles, technique, and results of 32 ""walk-up"" muscle flaps derived from existing myocutaneous flaps. The anastomotic vascular ingrowth at the original myocutaneous flap's distal end permits its proximal detachment and axial vessel ligation to rotate the proximal two thirds to a tissue-deficient site. In our experience at the University of Miami, these flaps have been predictable (97% viable transfer rate), have provided vascular soft tissue in deficient areas, and have been skin grafted at their surface to increase oral lining or skin cover, among several other uses. "
5,"Mechanisms controlling growth of hepatocytes in primary culture. Mature hepatocytes in primary culture express most of the functions and hormonal responsiveness seen in normal liver studied in vivo. The growth of hepatocytes in culture is regulated by various growth factors. We have identified a hepatocyte growth factor that is isolated from rat platelets. We found that rat platelets also contain a growth inhibitor, transforming growth factor-beta which is secreted as a latent molecule. Its latency is due to its binding with a masking protein. Growth of hepatocytes is also suppressed by interleukin-1 (IL-1) and IL-6. Moreover, the growth and functions of liver cells in culture are regulated reciprocally by cell density: at higher cell density liver-specific functions are expressed and growth is suppressed, whereas the opposite situation is observed at lower cell density. In contrast, neonatal hepatocytes in culture grow autonomously without a requirement for added hormones. This autonomous growth is due to an autocrine mechanism in which the cells secrete one or more growth factors into the culture medium. However, this autonomous growth ceases one week after birth at a time when the cells begin to express differentiated characteristics. Based upon these data, the mechanisms of liver regeneration, differentiation, and hepatocarcinogenesis are discussed. "
3,"The management of the painful first metatarsophalangeal joint in the older patient. Arthrodesis or Keller's arthroplasty? We report a prospective randomised trial comparing Keller's arthroplasty and arthrodesis of the first metatarsophalangeal joint for the management of symptomatic hallux valgus and hallux rigidus in the older patient. In 81 patients (110 feet), with a minimum of two years follow-up, both procedures gave a similar degree of patient satisfaction and symptom relief. The incidence of metatarsalgia was also similar. As there were no obvious advantages to arthrodesis, and since six out of 50 arthrodesed toes required revision, we suggest that Keller's arthroplasty is the better operation in these patients. "
3,"Noninvasive cerebral optical spectroscopy for monitoring cerebral oxygen delivery and hemodynamics. OBJECTIVE: To present an algorithm for noninvasive measurement of cerebral oxygen saturation (cerebral oximetry) and cerebral hemodynamics with near infrared spectroscopy. DESIGN: In vitro correlation of oximetry measurements with reference measurements; illustrative cases of hemodynamic and oximetric recordings. SETTING: Tertiary care neuroscience ICU. PATIENTS: Brain-injured patients with a prolonged, decreased level of consciousness chosen as illustrative examples. INTERVENTIONS: Two-channel multiple wavelength diffuse infrared transmission spectroscopy was interfaced with the scalp using adhesive. Transmission data were collected with gross superficial-to-deep spatial resolution. Saturation calculation based on the deep signal was observed longitudinally in the patient. With the same technology, arterial input and cerebral response functions, generated by iv tracer bolus, were deconvoluted to measure mean cerebral transit time. MEASUREMENTS AND MAIN RESULTS: A positive linear regression fit between diffuse transmission oximetry and measured blood oxygen saturation over the range 23% to 99% (r2 = .98, p less than .001) was noted. CONCLUSIONS: The approach used overcomes previously identified difficulties with cerebral oximetry, and demonstrates excellent in vitro correlation. The technique can be performed clinically without difficulty. A simultaneous measure of mean cortical transit time is possible. "
5,"Alcohol consumption--a risk factor for hemorrhagic and non-hemorrhagic stroke. PURPOSE: The risks of alcohol consumption and its association with stroke were studied in 621 patients with stroke and 573 control subjects using case-control methods. PATIENTS AND METHODS: Patients with stroke were subdivided into 193 with subarachnoid hemorrhage, 91 with intracerebral hemorrhage, and 337 with cerebral infarction. Data on recent alcohol consumption were obtained by questionnaire in patients with stroke and compared with data from an occupational screening survey in control subjects. RESULTS: Relative risks, adjusted for confounding variables, exhibited J-shaped associations with increasing levels of alcohol consumption classified into four categories--abstainer, 1 to 90 g, 100 to 390 g, and greater than or equal to 400 g weekly). The individual risks were 1, 0.7, 0.5, and 1.3 for subarachnoid hemorrhage; 1.0, 0.6, 0.5., and 2.5 for intracerebral hemorrhage, and 1.0, 0.6, 0.7, and 2.4 for cerebral infarction for men and women combined. CONCLUSIONS: The results suggest that low levels of alcohol consumption may have some protective effect upon the cerebral vasculature, whereas heavy consumption predisposes to both hemorrhagic and non-hemorrhagic stroke. "
5,Diffuse alveolar haemorrhage associated with progressive systemic sclerosis. A 41 year old man with an eight year history of progressive systemic sclerosis developed severe diffuse alveolar haemorrhage and died. The importance of diffuse alveolar haemorrhage as a rare but potentially serious complication of connective tissue disease should not be overlooked. 
1,"Elevated serum levels of soluble interleukin-2 receptors in small cell lung carcinoma. The presence of the soluble form of the interleukin-2 receptors (sIL-2R) was evaluated in the serum of 21 patients with small cell lung carcinoma (SCLC) and 37 patients with non-small cell lung carcinoma (non-SCLC) by means of an enzyme-linked immunosorbent assay. The sIL-2R level was measured serially in patients with SCLC both during and after therapy. The mean serum level of sIL-2R in patients with SCLC was 3.8 times higher than that of 47 healthy controls and was 1.9 times higher than in 37 patients with non-SCLC. Six patients with SCLC had very high levels of sIL-2R, ranging from five to 52 times the mean level observed in normal controls. Tumor cells in the pleural fluid of the patient with highest levels were positive with monoclonal antibodies to IL-2R (CD25), NKH-1, OKDR, and OKT9. A longitudinal study in this patient showed a good correlation between tumor activity and sIL-2R levels. Also, the sIL-2R levels decreased in patients responding to therapy. These results suggest that some SCLCs secrete sIL-2R and that the serial measurements of the serum sIL-2R levels can be used as a noninvasive tumor marker in this disease. "
5,"Acute osteomyelitis in children. Reassessment of etiologic agents and their clinical characteristics. One hundred thirty-five children with acute osteomyelitis were identified by chart review during a 7-year period, January 1, 1980, through December 31, 1986. Bacteriologic causes were detected in 75 (55%) of the patients. Staphylococcus aureus, Haemophilus influenzae type b, and Pseudomonas aeruginosa were identified in 34 (25%), 16 (12%), and eight (6%) children, respectively. Staphylococcus aureus occurred in all age groups, H influenzae type b occurred only in children younger than 3 years and was the number one cause of disease in this group. Pseudomonas aeruginosa occurred exclusively in children older than 9 years. Children with H influenzae type b had clinical and laboratory findings that were almost indistinguishable from a matched group of children with osteomyelitis due to other known bacteria, although children with H influenzae type b tended to have more joint effusions (63% vs 27%), less lower extremity disease (22% vs 70%), and fewer positive cultures from bone or joint aspirates (41% vs 89%). Unlike most pediatric cases of osteomyelitis, the ones due to P aeruginosa did not represent the hematogenous route of infection; penetrating injury to the foot was present in every case. Children with P aeruginosa infections were older than 9 years (100%), predominantly male (88%), often afebrile (83%), and never bacteremic. These data provide guidelines for the initial work-up and management of osteomyelitis in children. "
1,Haemangiosarcoma of the maxillary antrum. Angiosarcomas are extremely rare in the head and neck and the histological diagnosis is often difficult. We present a case of a haemangiosarcoma of the maxillary antrum in a 33 year old male. The histological diagnosis and subsequent management are discussed. 
1,"Activation of erythropoietin receptors by Friend viral gp55 and by erythropoietin and down-modulation by the murine Fv-2r resistance gene. The leukemogenic membrane glycoprotein (gp55) encoded by Friend spleen focus-forming virus appears to bind to erythropoietin receptors (EpoR) sto stimulate erythroblastosis [Li, J.-P., D'Andrea, A.D., Lodish, H.F. & Baltimore, D. (1990) Nature (London) 343, 762-764]. To directly compare the effects of gp55 with erythropoietin (Epo), we produced retrovirions that encode either gp55, Epo, or EpoR. After infection with EpoR virus, interleukin 3-dependent DA-3 cells bound 125I-labeled Epo and grew without interleukin 3 in the presence of Epo. These latter cells, but not parental DA-3 cells, became factor-independent after superinfection either with Epo virus or with Friend spleen focus-forming virus. In addition, Epo virus caused a disease in mice that mimicked Friend erythroleukemia. Although Fv-2r homozygotes are susceptible to all other retroviral diseases, they are resistant to both Epo viral and Friend viral erythroleukemias. These results indicate that both gp55 and Epo stimulate EpoR and that the Fv-2 gene encodes a protein that controls response to these ligands. However, the Fv-2 protein is not EpoR because the corresponding genes map to opposite ends of mouse chromosome 9. These results have important implications for understanding signal transduction by EpoR and the role of host genetic variation in controlling susceptibility to an oncogenic protein. "
5,"Longitudinal histopathologic assessment of rejection after bladder-drained canine pancreas allograft transplantation. In preparation for assessment of percutaneous biopsies in our clinical pancreas transplant program, a working knowledge of the histopathologic changes after transplantation was obtained in a longitudinal open biopsy study of 16 dogs receiving bladder-drained whole pancreas allografts. Edema, extravasation of polymorphs, and lymphocytes associated with focal parenchymal injury were early, invariable, and probably nonspecific findings. The initial feature of unmodified rejection was the appearance of capillary and small vein endothelial changes with mainly perivascular inflammatory cell infiltration. Acinar cell loss occurred early and was progressive, whereas islets and ducts were relatively preserved, indicating that acinar tissue may be more vulnerable to lytic necrosis when damaged. Functional rejection, determined by fasting urinary amylase levels, was at a stage of extensive and irreversible necrosis. Functioning grafts in immunosuppressed dogs had minor and transient endothelial changes with absence of class II antigen staining of parenchymal cells. "
2,Hepatic portal venous gas identified by computed tomography in a patient with blunt abdominal trauma: a case report. An abdominal computed tomographic (CT) scan in a middle-aged man injured in a high-speed motor vehicle accident demonstrated the presence of portal venous gas. Findings on initial peritoneal lavage were entirely negative. Exploratory celiotomy performed because of increasing abdominal pain and leukocytosis revealed gangrene of the cecum. This report illustrates the importance of the finding of portal venous gas on CT scan in patients with blunt abdominal trauma. 
4,"Myocardial magnesium: relation to laboratory and clinical variables in patients undergoing cardiac surgery. Magnesium concentration was measured in the right atrial appendage of 100 patients undergoing cardiac surgery and associations with serum and mononuclear blood cell magnesium, other laboratory values and patient clinical variables were studied. In addition, magnesium was measured in the right atrial appendage and left ventricular free wall in 23 autopsy subjects to determine whether there was a proportional relation between right atrial appendage and left ventricular free wall magnesium. The mean left ventricular free wall/right atrial appendage magnesium ratio was 2.13 +/- 0.39 (r = 0.67, p = 0.0009). In the group with cardiac surgery, the right atrial appendage magnesium concentration correlated inversely with age (r = -0.54, p = 0.001). The mean right atrial appendage magnesium concentration (micrograms/g wet weight tissue) was lower in patients with postoperative cardiac arrhythmia than in those without arrhythmia (103 +/- 13 versus 111 +/- 10, p = 0.009) and in diabetic than in nondiabetic patients (103 +/- 13 versus 109 +/- 12, p = 0.02). The right atrial appendage magnesium concentration also tended to be lower in patients receiving potassium/magnesium-losing diuretics, although this difference did not achieve statistical significance (105 +/- 14 versus 109 +/- 11, p = 0.16). Right atrial appendage magnesium concentration correlated positively with serum creatinine concentration (r = 0.31, p = 0.002) and negatively with serum calcium concentration (r = -0.29, p = 0.013). Serum magnesium did not correlate with right atrial appendage or mononuclear blood cell magnesium concentration or clinical variables. There was a statistically significant correlation between mononuclear blood cell and right atrial appendage magnesium concentrations in some subgroups of patients. "
4,"Acute hemorrhagic edema of infancy (AHEI)--a variant of Henoch-Schonlein purpura or a distinct clinical entity? Acute hemorrhagic edema of infancy (AHEI) is an acute cutaneous leukocytoclastic vasculitis (LCV) of infants. The clinical picture has a violent onset with a short benign course followed by spontaneous complete recovery. We report 12 infants with AHEI who were studied clinically, serologically, and immunohistologically. Edema and palpable purpuric skin lesions were present in all infants who were in good general condition. Serologic studies were unremarkable. Light microscopic examination of the skin biopsy specimens revealed LCV as in Henoch-Schonlein purpura (HSP). Direct immunofluorescent study revealed depositions of various immunoreactants, including fibrinogen, C3, IgG, IgM, IgA, and IgE (100%, 100%, 22%, 78%, 33%, and 33%, respectively) in the wall and around the small vessels. Similar deposition of Clq was also present in three infants in whom Clq could be studied (100%). The clinical similarities and differences between AHEI and HSP have been discussed in the literature. AHEI is observed before 2 years of age and is confined to the skin. The skin lesions of HSP are more polymorphic. Although histopathologic findings are similar, the immunohistologic pattern found in our series of AHEI is rather different from the pattern of HSP. Taking all of these findings into account, we suggest that AHEI should be considered as a separate, clinicopathologic entity or a possible variant of HSP. The more descriptive term ""acute benign cutaneous LCV of infancy"" is offered for this clinicopathologic entity. "
4,"Persistent uptake of indium-111-antimyosin monoclonal antibody in patients with myocardial infarction. Indium-111(111In)-antimyosin scintigraphy was investigated in 27 patients with myocardial infarction. 111In-antimyosin Fab was administered intravenously, and planar and single photon emission computed tomographic images were obtained 48 hours later. Uptake of 111In-antimyosin was present in 9 of 10 patients (90%) studied within 6 days of infarction. During the second week positive scans were seen in 16 of 16 patients (100%) including 13 (81%) who had normal creatine kinase levels. The mechanism of persistent positive antimyosin images in the subacute stage of myocardial infarction remains to be clarified. 111In-antimyosin scintigraphy may be useful as a noninvasive method for the detection of myocardial injury late and early after a suspected acute myocardial infarction. "
5,"Stroke in pediatric acquired immunodeficiency syndrome. In a 4 1/2-year period, 4 of 68 children in a longitudinal study of neurological complications of human immunodeficiency virus (HIV) infection had clinical and/or neuroradiological evidence of stroke, yielding a clinical incidence of stroke in this population of 1.3% per year. During this period, 32 subjects died, and permission for autopsy was granted in 18 of the patients, including 3 of 4 who had clinical evidence of stroke. The prevalence of cerebrovascular pathological features in our consecutive autopsy series was higher than the clinical incidence. At autopsy cerebrovascular disease was documented in 6 (24%) of 25 children with HIV infection, including all 3 children who had clinical evidence of stroke. Four patients had intracerebral hemorrhages, 6 patients had nonhemorrhagic infarcts, and 3 had both. Hemorrhage was catastrophic in 1 child and clinically silent in 3 children, all of whom had immune thrombocytopenia. One child had an arteriopathy that affected meningocerebral arteries. In another child, the arteries of the circle of Willis were aneurysmally dilated. Two children had coexisting cardiomyopathy and subacute necrotizing encephalomyelopathy with vascular proliferation. These results suggest that stroke should be considered when children with HIV infection develop focal neurological signs. "
5,"Spontaneous rupture of a normal bladder. We have reported a case of spontaneous rupture of a normal urinary bladder. Patients with this rare condition characteristically have a recent history of heavy alcohol intake, sudden onset of abdominal pain coincidental with bloody urine, generalized peritonitis, and abnormal renal chemistry. A high index of suspicion will lead to early diagnosis and treatment, minimizing the mortality attributed to this condition. "
2,"Colon interposition for esophageal disease: histologic finding of colonic mucosa after a follow-up of 5 months to 15 years. Thirty-six patients, subjected to colon interposition for benign esophageal disease or carcinoma of the esophagus or gastric cardia, were studied by endoscopy for signs of mucosal disease in the interposed colon. Five months to 15 yr (mean 57 months) after the operation, endoscopic finding of the interposed colon was macroscopically normal in 28 patients. Signs of inflammation, including hyperemia or hyperemia and friability, were observed in seven patients. Histologic specimens obtained at endoscopy were examined microscopically, and the findings were compared with those seen in the preoperative graft. In two patients, chronic inflammatory changes were observed in the graft mucosa, consisting of mononuclear cell infiltration of the lamina propria accompanied by crypt dilatation and deformation. In one of these patients, the inflammation was in the proximal third of the graft, and it was also seen at the endoscopy. In the remaining 34 patients, the graft mucosa was microscopically comparable to normal. The alterations were unexpectedly few and mild considering the marked change in the location and function of the colonic segment. "
5,"Mechanical myocardial actuation during ventricular fibrillation improves tolerance to ischemia compared with cardiopulmonary bypass. Direct mechanical ventricular actuation (DMVA) is a unique non-blood-contacting biventricular assist device that provides circulatory support during ventricular fibrillation without demonstrating adverse effects on the myocardium. The purpose of this study was to assess the preservation of myocardial energy stores and myocardial responses to ischemia after circulatory support during ventricular fibrillation with direct mechanical ventricular actuation versus cardiopulmonary bypass. Twenty adult mongrel dogs were randomized to receive circulatory support with either cardiopulmonary bypass or direct mechanical ventricular actuation. After 4 hours of ventricular fibrillation, hearts were defibrillated and left ventricular transmural biopsies were obtained. Hearts were then excised and subjected to 90 minutes of normothermic total ischemia. Serial biopsies were obtained at 15-minute intervals to determine regional depletion of high energy phosphates. The time-to-peak ischemic contracture was recorded by using needle-tipped Millar catheters placed in the left ventricular endocardium, epicardium, septum, and right ventricle. Time-to-peak ischemic contracture of the endocardium (62.6 +/- 1.4 vs. 58.8 +/- 1.0 minutes, p less than 0.05) and septum (61.1 +/- 6.9 vs. 46.9 +/- 6.2 minutes, p less than 0.004) were significantly prolonged after direct mechanical ventricular actuation versus cardiopulmonary bypass, respectively. Similar trends were noted in the epicardium and right ventricular regions; however, these differences were not statistically significant. Left ventricular adenosine triphosphate (ATP) levels were better preserved after direct mechanical ventricular actuation (22 +/- 1.5 mumols/g dry wt) compared with cardiopulmonary bypass (17 +/- 1.9 mumols/g dry wt). The depletion of left ventricular endocardium ATP during normothermic ischemia was significantly delayed after direct mechanical ventricular actuation compared with cardiopulmonary bypass. "
1,"Effects of carotenoids in cellular and animal systems. It has been suggested that carotenoid pigments may function as chemopreventive agents for reducing the risk of cancer in humans. Part of this suggestion rests on epidemiological evidence, and part rests on work done in cellular and animal systems. In this article, the experimental evidence for carotenoid inhibition of mutagenicity, malignant transformation, tumor formation, and immunoenhancement is reviewed. Although a mechanism for these effects cannot yet be identified, it is clear that the overwhelming evidence in these systems would indicate that carotenoids exert an important influence in modulating the actions of carcinogens. "
1,"Evaluation of preoperative computed tomography in gastric malignancy. Ninety patients with gastric malignancy underwent computed tomography (CT) before surgery. The CT findings regarding neoplastic invasion of adjacent organs and metastasis or enlarged lymph nodes were compared with the findings at laparotomy (85 cases) or autopsy (5 cases), thus permitting evaluation of the diagnostic accuracy of CT and its usefulness for predicting resectability. When present, neoplastic invasion of adjacent organs was overestimated or underestimated by CT in 21 cases. Invasion of adjacent organs according to CT was false positive in 17 cases and false negative in 11 cases. When liver metastasis or enlarged regional or distant lymph nodes were present, CT overestimated or underestimated their extent in 17 cases, and the diagnosis was false positive in one case and false negative in 33 cases. The positive and negative predictive values of CT concerning resectability of the tumor were 81% and 64%, respectively. Routine preoperative CT in gastric malignancy is concluded to be of limited value and surgical exploration, when feasible, remains the method of choice. "
1,"Power drills to fenestrate exposed bone to stimulate wound healing. Power drills can be used to stimulate the formation of granulation tissue over exposed cortical bone. These tools allow for the rapid fenestration and selective abrasion of large areas of exposed bone; fenestration and abrasion create the multiple bleeding points essential for the production of granulation tissue. The granulation tissue thus produced is allowed to grow out through the holes to cover bone. This procedure can be performed in an outpatient setting, usually without the need for either local or general anesthesia; it is particularly useful for patients considered to be poor risks for general anesthesia. Healing by granulation tissue is a somewhat slow process, but it has a high success rate, causes few complications, and produces very good cosmetic results. Two cases illustrate the method of fenestration of exposed cranial bone to stimulate granulation tissue. Specific instructions describe the needed care of exposed bone. "
4,"Antihypertensive drugs and glucose metabolism: comparison between a diuretic, a beta-blocker and felodipine, a new calcium antagonist in subjects with arterial hypertension and diabetes. Felodipine, a new antihypertensive calcium antagonist, was compared with metoprolol, a beta-blocker, and hydrochlorothiazide, a diuretic, with respect to glucose tolerance in a randomized double-blind cross-over study consisting of 11 patients, of age range 50-70 years, who had developed diabetes during antihypertensive treatment. Each treatment period lasted for 10 weeks. The blood pressure was similar irrespective of treatment. Serum glucose levels during the oral glucose tolerance test were significantly lower when the patients were treated with felodipine than when they were taking hydrochlorothiazide. Serum insulin levels appeared to decrease at an earlier stage of the test when the patients were treated with felodipine, the calcium antagonist, than with the other two antihypertensive substances, which suggests that glucose tolerance is impaired to a lesser extent during treatment with the calcium antagonist. Glucose tolerance was never completely normalized with any of the drugs tested. "
3,"Sensitivity for detecting fibrillation potentials: a comparison between concentric and monopolar needle electrodes. The sensitivity of monopolar and concentric electrodes for detecting fibrillation potentials (FP) has never been formally compared. We studied 35 muscles with FP, sampling 20 sites each with concentric and monopolar needles. The concentric needle identified 0.88 +/- 3.44 (mean +/- standard deviation) more sites with spontaneous activity. Although statistically significant (Wilcoxon signed rank test P less than .03), this difference in sensitivity did not appreciably affect diagnostic interpretation. Subjects described the concentric needles as more painful. Needle insertions in 25 other muscles demonstrated that needle movement generated the majority of FP. We suggest that the increased tissue injury caused by concentric needles may account for both their increased sensitivity and discomfort. "
1,"Combination therapy for anaplastic giant cell thyroid carcinoma. Since 1981, 20 patients with anaplastic giant cell carcinoma of the thyroid have been prospectively treated according to a combination regimen of chemotherapy and external beam radiation therapy. Two types of chemotherapy were used every 4 weeks, depending on the patient's age. For those younger than 65 years, a combination of doxorubicin (60 mg/m2) and cisplatin (90 mg/m2) was given, and for older patients mitoxantrone (14 mg/m2) was used. Radiotherapy was carried out between Day 10 and Day 20 of the first four cycles of chemotherapy. It delivered 17.5 Gy in 7 fractions to the neck and the superior mediastinum. Survival exceeding 20 months was observed in three patients. Complete neck tumor response was observed in five patients, among whom four had undergone previous operations. No response was seen in distant metastases, which were the cause of death in 14 patients. These treatment modalities are effective in some patients, both in terms of survival and of local control, avoiding death from local invasion. Gross tumor resection should be performed whenever possible but should not delay the commencement of this protocol. Toxicity was high and remains the main limiting factor. "
4,"Stimulation of active renin release in normal and hypertensive pregnancy. 1. Active plasma renin concentration but not total renin concentration is reduced in women with pregnancy-induced hypertension compared with normotensive pregnant women. This study was conducted to determine whether women with pregnancy-induced hypertension are able to stimulate release of active renin. 2. Active plasma renin concentration was measured as the generation of angiotensin I at physiological pH in the presence of excess renin substrate, and total renin concentration was determined in the same way after trypsin activation. Inactive plasma renin concentration was calculated as the difference between total renin and active plasma renin concentrations. 3. Resting active plasma renin concentration was significantly greater in third-trimester primigravidae compared with normotensive non-pregnant women and active plasma renin and total renin concentrations rose significantly without a fall in inactive plasma renin concentration in both groups after 2 h ambulation, suggesting increased release of active plasma renin and not conversion of circulating inactive to active renin. These responses were blunted in women taking oral contraceptives. 4. Although the active plasma renin concentration was significantly reduced in third-trimester primigravidae with pregnancy-induced hypertension, total renin concentration was not significantly different compared with normotensive women of similar gestation and in both groups 30 min 60 degrees head-up tilt increased active but not inactive plasma renin concentration. 5. These studies show that in normal pregnancy active plasma renin concentration can be stimulated to a similar extent as in non-pregnant women, despite a higher resting level. This appears to be due to increased secretion of active plasma renin rather than conversion of circulating inactive to active renin. "
3,"Effects of uvulopalatopharyngoplasty on sleep architecture and patterns of obstructed breathing. In this retrospective study, 72 obstructive sleep apnea patients with polysomnograms taken before and after uvulopalatopharyngoplasty were evaluated. Postoperatively, there was a significant improvement of sleep architecture and respiratory indices. In addition, a second group of 17 patients also had position recordings with their polysomnograms. Time spent in supine and lateral sleep positions changed postoperatively. There was significant decrease of the apnea plus hypopnea index in the lateral position. This study indicates that there is significant improvement of sleep architecture and respiratory indices in the majority of patients after uvulopalatopharyngoplasty, particularly in the lateral sleep position. "
5,"Effect of dipyridamole (Persantin) on blood flow and patency of aortocoronary vein bypass grafts. The effect of dipyridamole was investigated in 360 patients undergoing coronary bypass surgery. They were randomly allocated to receive dipyridamole (100 mg orally q.i.d. for 2 days preoperatively, 5 mg/kg body weight/24 h i.v. peroperatively and 100 mg orally q.i.d. for 1 year postoperatively) or placebo. Withdrawn from the study were 48 patients on dipyridamole and 57 on placebo. Cardiovascular and/or cerebrovascular events or need for anticoagulant treatment were the reasons for withdrawal in 22 (13%) of the dipyridamole, and 34 (18%) of the placebo group. Logistic regression analysis of risk factors influencing graft patency showed significant relation to peroperatively measured coronary blood flow. A positive trend of treatment was observed (p = 0.08). Vein graft blood flow measured during bypass surgery (245 patients) was significantly greater in the dipyridamole group (p less than 0.01). The occlusion rate was lower in vessels with peroperative blood flow greater than 30 ml/min (vein-marginal p less than 0.01, vein-dexter p less than 0.05, vein-diagonal 0.05 less than p less than 0.1). Dipyridamole increases coronary blood flow and graft patency following coronary bypass surgery. "
2,Posterior colporrhaphy and perineorrhaphy: separate and distinct operations. Posterior vaginal repair is often poorly understood and ineffectively performed. The goals of reconstructive surgery emphasize relief of symptoms and restoration of normal anatomic relationships and of function. A useful method to preoperatively determine posterior vaginal wall weakness is outlined along with a surgical description of important steps in surgical reconstruction. 
4,"Involvement of sodium in the protective effect of 5-(N,N-dimethyl)-amiloride on ischemia-reperfusion injury in isolated rat ventricular wall. During reperfusion in the isolated right ventricular wall of the rat after 60 min of ischemia, developed tension and resting tension were 35 +/- 4 and 221 +/- 12%, respectively, of preischemic values. Including 35 microM ouabain in the perfusate before and after ischemia resulted in more severe cardiac dysfunction during reperfusion than in drug-untreated hearts. Introduction of the Na(+)-H+ exchange inhibitor, 5-(N,N-dimethyl)-amiloride (DMA), could effectively protect the right ventricular wall against ischemia-reperfusion dysfunction in the presence or absence of ouabain. The ion content in the right ventricular wall was measured with atomic absorbance spectrophotometry. Before ischemia, Na+,Ca++ and K+ content were 53.4 +/- 6.4, 2.70 +/- 0.22 and 262 +/- 7.7 mumol/g of dry weight tissue, respectively. After 60 min of ischemia and 6 min of reperfusion, Na+,Ca++ and K+ content were 73.4 +/- 7.2, 3.79 +/- 0.31 and 180 +/- 15 mumol/g of dry weight tissue, respectively (P less than .05). Introduction of 20 microM DMA normalized ion content in the muscles which was consistent with the contractile function recovery during reperfusion. The data suggest that a rise in intracellular Na+ in the early stage of reperfusion represents a crucial or primary step for the development of cardiac contractile dysfunction. DMA, which protects against severe reperfusion-induced cardiac contractile dysfunction, appears to act via a normalization of tissue sodium levels. This action is consistent with its proposed role as a blocker of transsarcolemmal Na(+)-H+ exchange. "
1,"Cell cycling in bladder carcinoma determined by monoclonal antibody Ki67. Current methods of predicting prognosis in transitional cell carcinoma of the bladder fail to provide consistently reliable information about future tumour behaviour. The monoclonal antibody Ki67 recognises an antigen present in actively dividing cells and Ki67 reactivity has been shown to correlate with conventional prognostic indicators in several tumours. In this study, Ki67 antibody was used to determine the proportions of cells undergoing active division in 26 transitional cell carcinomas of the bladder. The proportion of cells stained in muscle invasive tumours (12.3 +/- 5.4%) was significantly greater than in superficial tumours (4.3 +/- 1.9%) and poorly differentiated tumours showed significantly greater proportions of cells staining compared with well or moderately well differentiated tumours. These results show that Ki67 reactivity correlates with high tumour stage and poor differentiation. Ki67 staining provides an easy method of determining tumour cell turnover that might provide additional prognostic information. "
3,"Efficacy and complications of radiotherapy of anterior visual pathway tumors. A progressive disturbance in visual acuity or visual field, along with an unexplained optic nerve atrophy, suggests the possibility of a tumor. Tumors that frequently affect the anterior visual pathway include primary optic nerve sheath meningiomas, intracranial meningiomas, optic gliomas, pituitary tumors, and craniopharyngiomas. The location of these tumors sometimes prohibits a complete surgical excision that might jeopardize the visual system. Radiation therapy, however, can be beneficial in these cases. This article reviews the indications for radiotherapy of tumors that involve the anterior visual pathway, along with the possible complications. Cases that present the effect of radiation therapy and radiation damage are presented. "
4,"Changes in quality of care for five diseases measured by implicit review, 1981 to 1986 We measured quality of care before and after implementation of the prospective payment system. We developed a structured implicit review form and applied it to a sample of 1366 Medicare patients with congestive heart failure, acute myocardial infarction, pneumonia, cerebrovascular accident, or hip fracture who were hospitalized in 1981-1982 or 1985-1986. Very poor quality of care was associated with increased death rates 30 days after admission (17% with very good care died vs 30% with very poor care). The quality of medical care improved between 1981-1982 and 1985-1986 (from 25% receiving poor or very poor care to 12%), although more patients were judged to have been discharged too soon and in unstable condition (7% vs 4%). Except for discharge planning processes, the quality of hospital care has continued to improve for Medicare patients despite, or because of, the introduction of the prospective payment system with its accompanying professional review organization review. "
5,"Sudden cardiac death during exercise in a weight lifter using anabolic androgenic steroids: pathological and toxicological findings. A 21-year-old, previously healthy weight lifter collapsed during a bench press workout. He had taken anabolic androgenic steroids parenterally for the previous several months. Pertinent autopsy findings included marked cardiac and renal hypertrophy and hepatosplenomegaly, with regional myocardial fibrosis and focal myocardial necrosis. Nandrolone (19-nor-testosterone) metabolites were identified in postmortem urine. The possible etiologies of the cardiac findings are discussed. "
2,"A laser-induced scar at the cardia increases the yield pressure of the lower esophageal sphincter Low yield pressure of the lower esophageal sphincter is associated with esophageal reflux, and fundoplication must increase yield pressure if it is to prevent reflux. We attempted to increase yield pressure endoscopically in the dog by using the Nd:YAG laser to produce a fibrous scar at the cardia in the approximate line of the gastric sling fibers. Ten beagle dogs were studied. In a pilot study with two dogs, 15 watts for 4.2 sec were found to produce a scar deep into the muscle coat of the stomach. Three configurations of scar were used. One produced significant rises in yield pressure in all four of the dogs treated, the second produced a significant rise in one of the two dogs treated, and the third caused a significant drop in yield pressure in the one dog treated. One dog died of gastric perforation 10 days after lasering, but no other animal experienced any ill effects. These findings may have therapeutic implications for the management of esophageal reflux. "
5,"Overestimation of myocardial infarct size by histologic measurement in a model of occlusion followed by reperfusion. We studied 32 transverse left ventricular slices of myocardium from 16 pigs after 45 to 100 minutes of coronary artery occlusion followed by 180 minutes of reperfusion. Infarct area for each slice was determined as follows: (1) grossly, by triphenyl tetrazolium chloride staining of each slice, and (2) microscopically, by complete histologic sectioning of the triphenyl tetrazolium chloride-stained surface of each slice. Planimetry of necrotic and nonnecrotic areas was performed from tracings and photographs of triphenyl tetrazolium chloride-stained slices and from actual histologic sections. When triphenyl tetrazolium chloride and histologic measurements were compared, necrotic tissue area had decreased 11.4% +/- 15.0% (2.59 +/- 1.04 vs 2.09 +/- 0.86 cm2). Nonnecrotic tissue area decreased 20.6% +/- 24.0% (8.31 +/- 3.79 vs 5.16 +/- 2.73 cm2). In this model of ischemia followed by reperfusion, with fixation and processing, viable tissue shrank almost twice as much as necrotic tissue. This differential shrinkage introduces an error resulting in overestimation of infarct size by histologic quantitation. "
1,"New chemotherapies for ovarian cancer. Systemic and intraperitoneal podophyllotoxins. The epipodophyllotoxin derivatives etoposide and teniposide have been evaluated intermittently for possible use in the treatment of ovarian cancer. Conflicting studies suggest that variables such as dose and prior treatment have a major influence on outcome. Response rates ranged from 0% to 40% in five series with teniposide, and from less than a 10% overall response rate to greater than a 10% complete response rate in nine studies with etoposide. One study documented activity with oral etoposide. However, because all patients had received various prior chemotherapies, firm conclusions regarding the activity of etoposide could not be drawn. These results, and the expectation of synergy with etoposide and cisplatin, led to several studies that combined etoposide with platin compounds by the systemic and intraperitoneal (IP) routes. Various studies have used intravenous drug combinations of these agents in both previously treated and untreated patients. One study, which used carboplatin instead of cisplatin, reported only seven failures among 26 previously untreated patients. Conversely, the prominent toxicities reported by another study were discouraging, and responses did not exceed what might be expected from cisplatin alone. Studies of analogous combinations administered IP are ongoing. A favorable experience, which was initially reported by the University of California (San Diego group), is being confirmed by other investigators. This has prompted the incorporation of etoposide into first-line strategies. The pharmacologic advantage of etoposide by the IP route (related to its high protein binding) may provide appropriate dose intensity against IP disease while sparing systemic toxicities. Finally, systemic dose intensity with autologous bone marrow support indicates some promise for etoposide in combination with high-dose alkylating drugs. "
5,"Endogenous insulin-like growth factor (IGF) binding proteins cause IGF-1 resistance in cultured fibroblasts from a patient with short stature. The ED50 of insulin-like growth factor (IGF)-I-stimulated alpha-aminoisobutyric acid (AIB) uptake (mean +/- SD) in cultured fibroblasts from a child with short stature that we have reported (1.40 +/- 0.24 nM), is significantly higher than the ED50 of IGF-I-stimulated AIB uptake in fibroblasts from 11 normal subjects (0.42 +/- 0.12 nM) and from 127 short children (0.35 +/- 0.11 nM). Similarly, the ED50 of IGF-I-stimulated thymidine incorporation in fibroblasts from this child is 2.8 times higher than that in fibroblasts from four normal subjects. To minimize potential modulation of IGF-I action by endogenous IGF binding proteins in these assays, fibroblast responsiveness to [Q3,A4,Y15,L16]IGF-I, an IGF-I variant that has a 600-fold reduced affinity for serum IGF binding proteins, has been examined. The biological activity of this variant is comparable in the patient's and normal fibroblasts, suggesting that the resistance to IGF-I action cannot be attributed to a defective IGF-I receptor. To investigate directly the possibility that IGF-I sensitivity in the patient's fibroblasts is reduced by endogenous IGF binding proteins (IGFBP), binding proteins that are secreted into AIB assay buffer during a 3-h collection and that are cell-associated at the end of the collection have been analyzed. Ligand blot analysis of conditioned AIB assay buffer demonstrates that fibroblasts from the patient secrete 1.3-2.2 times more of Mr 46,400/42,900, 32,000, and 26,800 binding proteins than normal fibroblasts. The major difference between fibroblasts from the patient and from normal subjects is a striking 10-fold increase in the amount of a cell surface Mr 32,000 binding protein in the patient's fibroblasts. The Mr 32,000 binding protein is similar in size to IGFB-1 and different from IGFBP-2 and IGFBP-3, but it does not cross-react with an antibody against IGFBP-1. We conclude that the resistance to IGF-I action in the patient's fibroblasts is caused by an abnormal production and/or cell association of IGF binding proteins. "
3,"Nonfearful panic disorder in neurology patients validated by lactate challenge. OBJECTIVE: Nonfearful panic disorder meets the DSM-III-R criteria for panic disorder but is not associated with subjective fear and anxiety. The authors determined its prevalence in a group of neurology patients and assessed its diagnostic validity as a panic disorder subtype by evaluating the response of the patients with nonfearful panic disorder to sodium lactate and antipanic pharmacotherapy. METHOD: The subjects were all neurology patients referred over 1 year to a university hospital's psychiatric consultation service because of negative medical workups for their symptoms (N = 48). Patients who met the DSM-III-R criteria for panic disorder but did not report subjective anxiety or fear during panic episodes were diagnosed as having nonfearful panic disorder. Afterward, each of those patients received a sodium lactate infusion and, 5 hours later, a sodium chloride infusion. They were then treated with antipanic medication and followed for at least 6 months. RESULTS: Of the 48 neurology patients referred for psychiatric evaluation, 11 (23%) met the criteria for panic disorder, and all 11 met the criteria for nonfearful panic disorder. All 11 responded positively to lactate but not to placebo, and they each experienced an at least 75% reduction in symptoms during the 6-month follow-up period. Detailed case reports of three of these patients are presented. CONCLUSIONS: These findings support the construct and predictive diagnostic validity of nonfearful panic disorder as a subtype of panic disorder and suggest that a lack of attention to this group leads to both the underestimation of the prevalence of panic disorder and to the withholding of potentially successful treatments for this group. "
5,"Chronic neutropenia during childhood. A 13-year experience in a single institution. To evaluate the clinical course and characteristics of children with chronic neutropenia, we reviewed the charts of all such patients seen at our center during a 13-year period. A total of 50 patients with chronic neutropenia were identified. Three patients had documented congenital neutropenia, and two siblings had cyclic neutropenia. The remaining 45 children had chronic neutropenia of unknown origin. All children except two had a remarkably benign course despite markedly reduced granulocyte counts. Of six girls in this group who had abscess or cellulitis of the labia majora, it was a presenting manifestation in three. Resolution of neutropenia was documented in 23 (62%) of 37 patients for whom follow-up information was available, with a median duration of neutropenia of 19 months. No differences were evident between patients with positive antineutrophil antibody test results and those in whom the test yielded negative results or was not performed. Chronic neutropenia in childhood is a relatively uncommon entity, characterized by a benign course and eventual resolution in the majority of patients. "
1,"The role of the chest roentgenogram in febrile neutropenic patients. In a retrospective review of patients with neutropenia and fever, we sought to determine how often roentgenograms detected pulmonary disease, especially pneumonia, not suggested by signs and symptoms. Further, we sought to determine how often therapy was changed as a result of roentgenographic findings. Overall, 41 (22%) of 187 chest roentgenograms obtained during initial febrile episodes, recurrent fevers, or persistent fevers were abnormal. While most patients had signs and symptoms suggesting the presence of pulmonary disease, 17% had roentgenographic abnormalities detected in the absence of such findings. During initial febrile episodes, therapy was not changed in response to findings on the chest roentgenogram. However, during episodes of persistent or recurrent fever, findings on chest roentgenograms led to changes in therapy in eight (61%) of 13 episodes of which six (40%) resulted in clinical improvement. Chest roentgenograms were therefore found to be an important diagnostic tool in evaluating recurrent or persistent fever in the neutropenic patient but of little use during initial febrile episodes. "
1,"Corporate-sponsored breast cancer screening at the work site: results of a statewide program. Mobile screening mammography was offered to 3,627 employees of a large corporation in Pennsylvania and Delaware. The examination was available to women employees or employee spouses aged 35 years and older. Women were charged $30 for a standard two-view examination. They also received health education materials on mammography and breast self-examination. The remaining costs of the program were underwritten by the corporation. During this program, 3,627 mammographic studies were performed; 63 biopsies were recommended. Fifty-seven biopsies were performed, and nine cancers were diagnosed. Costs of this program are presented in detail. The authors conclude that mobile screening programs at the work site provide an inexpensive, convenient alternative to more traditional screening programs. The inherent advantages of this program are the low cost, the relative ease with which the examination can be performed, and the positive role that corporate medical personnel assume in encouraging individual and group participation. "
3,"Cerebellar and frontal hypometabolism in alcoholic cerebellar degeneration studied with positron emission tomography. Local cerebral metabolic rate for glucose was studied utilizing 18F-2-fluoro-2-deoxy-D-glucose and positron emission tomography (PET) in 14 chronically alcohol-dependent patients and 8 normal control subjects of similar age and sex. Nine of the 14 patients (Group A) had clinical signs of alcoholic cerebellar degeneration, and the remaining 5 (Group B) did not have signs of alcoholic cerebellar degeneration. PET studies of Group A revealed significantly decreased local cerebral metabolic rates for glucose in the superior cerebellar vermis in comparison with the normal control subjects. Group B did not show decreased rates in the cerebellum. Both Groups A and B showed decreased local cerebral metabolic rates for glucose bilaterally in the medial frontal area of the cerebral cortex in comparison with the normal control subjects. The severity of the clinical neurological impairment was significantly correlated with the degree of hypometabolism in both the superior cerebellar vermis and the medial frontal region of the cerebral cortex. The degree of atrophy detected in computed tomography scans was significantly correlated with local cerebral metabolic rates in the medial frontal area of the cerebral cortex, but not in the cerebellum. The data indicate that hypometabolism in the superior cerebellar vermis closely follows clinical symptomatology in patients with alcoholic cerebellar degeneration, and does not occur in alcohol-dependent patients without clinical evidence of cerebellar dysfunction. Hypometabolism in the medial frontal region of the cerebral cortex is a prominent finding in alcohol-dependent patients with or without alcoholic cerebellar degeneration. "
3,"A comparison of regulatory cells in spinal fluid and blood in patients with multiple sclerosis and other neurologic diseases. Multiple sclerosis is a disease in which immune abnormalities are present both in the CNS and peripheral blood. Whether these changes are primary or secondary to the disease process is not known. We tested T-cell clones derived from activated lymphocytes in the blood and CSF of MS patients and controls for their capacity to regulate T-cell responses to alloantigens. A wide spectrum of regulatory functions were observed, ranging from marked enhancement to almost complete suppression. Clones from different patient populations and anatomic sites were equivalent in their regulatory functions with the net effect of clones in each compartment being suppression. However, certain clones from CSF and peripheral blood had the capacity to stimulate autologous T cells. Percentages of such clones in the peripheral blood of MS patients were significantly higher than in controls, while percentages in MS and other neurologic diseases (OND) CSF were equivalent. Our data suggest that (1) functional suppressor cells are not lost from the blood or CSF or MS and OND patients, (2) lymphocytes that have entered the CNS in patients with MS and other CNS diseases have equivalent regulatory functions, (3) MS may be an illness in which peripheral immunologic events are important in perpetuating the disease process, and (4) responses to autologous antigens may also play a role in this perpetuation. "
3,"Myotonic heart disease: a clinical follow-up. We followed 37 patients with myotonic dystrophy for a mean of 6 years. Two developed atrial flutter or fibrillation, 6 developed a new bundle branch block, 1 developed complete heart block requiring a pacemaker, and another with progressive 1st-degree heart block and a widening QRS interval had a sudden death. Most patients had predictable, gradually progressive disease of their cardiac conduction system. We recommend that patients with progressive atrioventricular block or widening QRS interval due to myotonic heart disease have yearly ECGs and be questioned about syncope or presyncope to determine the need for a cardiac pacemaker. "
3,"Immunoassay of P2 protein in cerebrospinal fluid in neurological disorders. Cerebrospinal fluid samples were obtained at lumbar puncture from 53 patients with a wide variety of neurological disorders. Cerebrospinal fluid samples were tested for the presence of P2 protein, a constituent of myelin, with an enzyme linked immunosorbent assay technique using a specific polyclonal antibody. High concentrations of P2 in the cerebrospinal fluid paralleled a raised IgG index (clearance ratio), the presence of oligoclonal bands, as well as raised white cell counts or depressed albumin:IgG ratios. Twenty one patients had been diagnosed as having definite or probable multiple sclerosis and the remaining 32 had other conditions. Of the 13 patients with high positive P2, 12 (92%) were in the multiple sclerosis category; of the 40 patients with low (12) or undetectable (28) P2 concentrations, only nine (23%) were diagnosed as having multiple sclerosis. In this patient population the presence of high immunoreactive P2 concentrations in cerebrospinal fluid was closely associated with evidence of intrathecal immunoglobulin synthesis and with the clinical diagnosis of multiple sclerosis. On this basis it is suggested that immunoassay of P2 concentration in the cerebrospinal fluid may be of potential value in the investigation of patients with demyelinating disorders. "
3,"Botulinum toxin treatment in spasmodic torticollis. Botulinum toxin A was administered to 19 patients in a double-blind placebo controlled trial. Toxin was more effective than placebo for improving both head position and pain which was measured by an objective rating scale and videofilm assessments. Following the controlled trial, treatment with botulinum toxin was continued in an open fashion. A total of 60 patients with torticollis received toxin in a total of 117 treatment periods. The mean follow up period was 8.4 months. In 39 patients with pain there was benefit in 77% of treatment periods. Some improvement in neck posture occurred in 83% of the treatment periods with a mean duration of 12 weeks. Side effects were frequent with dysphagia being the most common (28% of treatment periods). Botulinum toxin is an effective treatment for toticollis but treatment should be initiated with doses at the lower end of the range used in this study (400-600 mouse units). "
5,Intralaryngotracheal thyroid. A case of intralaryngotracheal thyroid in a 57-year-old man is presented. The treatment modalities are considered and the previous literature is reviewed. 
1,"Cancer in the families of children with soft tissue sarcoma. The cancer experience among 754 first-degree relatives (mothers, fathers, and siblings) of a population-based series of 177 children with soft tissue sarcoma is reported. The current study represents an extension of our earlier work in which the authors found an excess of breast cancer in the mothers of 143 of these children. There were 40 cancers among all first-degree relatives, compared with 24.82 expected (relative risk [RR] 1.61, P = 0.006). There was no excess in fathers, but an excess of borderline significance was seen in mothers (RR 1.67, P = 0.0545), and a significant excess in siblings (RR 4.55, P = 0.0002), mainly due to carcinoma of the breast and pediatric tumors. Results of a step forward Cox multivariate analysis identified three variables in the index child which were independently associated with high cancer risk in relatives, as follows: age younger than 24 months at diagnosis; histologic type, embryonal rhabdomyosarcoma or other and unspecified soft tissue sarcoma; and male sex. It was possible, therefore, to identify a subgroup of children whose relatives are at high risk of early onset cancer (RR in this group 10.14). The pattern of cancers is consistent with the Li-Fraumeni syndrome. The authors conclude that a marked proportion of childhood soft tissue sarcoma has a genetic basis. "
2,"Intestinal vascular sensitivity to vasopressin in portal hypertensive rats. The intestinal vascular responsiveness to arginine vasopressin was evaluated in rats with chronic portal hypertension. Male Sprague-Dawley rats were made portal hypertensive by stenosis of the portal vein. Ten to twelve days after the induction of chronic portal hypertension, the responsiveness of the small intestinal circulation to cumulative doses of vasopressin was evaluated using an isolated pump-perfused small intestinal preparation. The ED50 for maximal vasoconstriction was increased twofold in portal hypertensive rats compared with control rats. To determine if the impaired responsiveness to arginine vasopressin was related to the hyperglucagonemia of chronic portal hypertension, plasma glucagon levels were elevated in normal rats to levels previously measured in portal hypertensive rats (i.e. approximately 450 pg/mL), and the dose response studies were repeated. Glucagon significantly attenuated the responsiveness of the intestinal vasculature to vasopressin. Equipotent doses of nitroprusside also attenuated intestinal vascular responsiveness to vasopressin. The results indicate that there is a reduced vascular sensitivity to vasopressin in the intestine of portal hypertensive animals and suggest that elevations in circulating vasodilators in portal hypertensive conditions may partially explain this altered vascular responsiveness. "
3,"An improved photochemical model of embolic cerebral infarction in rats. To provide further evidence that the multiple cerebral infarcts found in rats following photochemical damage to the carotid artery are caused by emboli and to eliminate the systemic hypotension and heating of the blood reported with the previous photochemical embolic stroke model (rose bengal and a green laser), I have modified the photochemical technique. Brain pathology was studied in 18 Wistar rats following carotid artery irradiation with a red laser (632 nm) at powers ranging from 100 to 800 mW/cm2 for 10 or 20 minutes following the injection of the photosensitizing dye Photofrin II. Multiple cerebral arterioles were occluded by platelet aggregates containing frequent erythrocytes and leukocytes, identical to the thrombotic material in the carotid artery but different from the platelet aggregates seen in the carotid artery and the brain in the rose bengal model. Eighty infarcts were distributed randomly throughout the brain ipsilateral to the nonocclusive carotid thrombus. Significant heating (0.5 degree C or more) of the blood occurred only with laser powers higher (1,600 mW/cm2) or laser irradiations longer (25 minutes) than those used in the improved model of embolic stroke. This model mimics one mechanism of stroke in humans and provides a means to study systematically the morphological evolution of small cerebral infarcts. "
5,Septic Streptococcus milleri spondylodiscitis. We describe 2 patients presenting lumbar spondylitis due to Streptococcus milleri. In both cases origin was related to preexistent intestinal pathology. Surgical drainage of a collection of pus was necessary in one case. Longterm antibiotic therapy led to full recovery. Despite confused nomenclature Streptococcus milleri must be considered a serious pathogen mainly associated with purulent infection with osteoarticular affinity. 
2,Methotrexate therapy for persistent ectopic pregnancy after conservative laparoscopic management. Persistent ectopic pregnancy is a recognized complication of conservative laparoscopic surgery. Three such cases were treated successfully with methotrexate and citrovorum factor rescue. All three patients experienced mild lower abdominal pain for a maximum of 36 hours; no other adverse effects were noted. More experience with this therapy will be necessary before subsequent fertility rates can be determined. 
4,"Cardiovascular risk reduction: the role of antihypertensive treatment. The effects of antihypertensive drugs on mortality from stroke, coronary artery disease (CAD), and nonvascular causes have been studied in 14 trials involving more than 37,000 patients. In the treated patients, blood pressure was 5 to 6 mm Hg lower than that in placebo-treated patients, and whereas mortality from stroke was reduced by 42%, CAD mortality was reduced by only 14%. A major reason for this lack of effect on CAD mortality is apparently the adverse effects of the primary drugs used in these trials (diuretics and beta blockers) on glucose tolerance, lipid levels, and insulin resistance. The angiotensin-converting enzyme inhibitors favorably influence many CAD risk factors, and their use can be expected to reduce CAD mortality in patients treated for hypertension. "
4,"Mental stress as an acute trigger of ischemic left ventricular dysfunction and blood pressure elevation in coronary artery disease. Acute mental stress may be a frequent trigger of transient myocardial ischemia, myocardial infarction and sudden cardiac death. In an experimental setting, the effect of mental stress on hemodynamics and left ventricular wall motion abnormalities (as detected by radionuclide ventriculography) was measured in 29 patients with exercise-induced myocardial ischemia. Seventy-five percent of the patients demonstrated mental stress-induced wall motion abnormalities. Patients frequently exhibited greater increases in peak systolic arterial pressure during mental stress than during exercise. Personally relevant mental stress is the most potent type of mental stress, both in terms of frequency and magnitude of ischemia. Most mental stress-induced ischemic episodes are clinically and electrocardiographically silent and occur at heart rates significantly lower than those seen during exercise. Both systolic and diastolic blood pressure increased during mental stress-induced ischemia, suggesting that increased myocardial oxygen demand plays a role in the pathophysiology of mental stress-induced transient ischemia. The significant magnitude and acute onset of this mental stress-induced blood pressure elevation may in some manner contribute to atherosclerotic plaque rupture. These findings may provide a pathophysiologic link to the epidemiologic association between mental stress and acute ischemic coronary events. A new ambulatory radionuclide detector that can concurrently monitor left ventricular ejection fraction and electrocardiographic ST-segment change may enhance the detection and evaluation of transient myocardial ischemia in ambulatory coronary patients. "
4,"Lyme disease: recommendations for diagnosis and treatment The incidence and the endemic range of Lyme disease in the United States have increased steadily since the disease was originally recognized in Lyme, Connecticut, in 1975. Because of the varied clinical manifestations of this illness and the use of unstandardized serologic testing methods, diagnosis is often uncertain and treatment outcomes are often difficult to evaluate. The antibiotic regimens that are commonly used in clinical practice have changed rapidly. They show much regional variation with little critical comparison of treatment results. The clinical diagnosis and the literature on the treatment of the various stages of Lyme disease are reviewed. The reported data are supplemented with recommendations based on 15 years of clinical experience with this illness. "
1,"Surgical treatment of cardiac myxomas: long-term results. Between 1965 and 1988, 22 patients underwent 24 operations for cardiac myxomas. Two patients had the complex myxoma syndrome. Mitral valve replacement was required at initial operation in 2 patients. One patient died perioperatively, and 5 others died subsequently. The 16 surviving patients recently underwent evaluation at a mean duration of 9 years after operation. Ten are asymptomatic and 6 have New York Heart Association class II symptoms. Nine patients continue to be employed. Eleven are in sinus rhythm, 3 have permanent pacemakers, and 2 have chronic atrial arrhythmias. Echocardiography showed atrioventricular valve insufficiency in 3 patients and reduced contractility in 4, but no new tumor recurrences. The long-term prognosis of this relatively large group of patients with cardiac myxomas has been good. Patients without the complex myxoma syndrome had no recurrence, whereas 2 patients did require reoperation for mitral valve replacement. Long-term disability and chronic arrhythmias have been infrequent, and functional status and employability of these patients have been very good. "
4,"Synergistic effects of psyllium in the dietary treatment of hypercholesterolemia. We investigated psyllium fiber supplementation as a means of enhancing the cholesterol-lowering effect of the phase I American Heart Association diet. Fifty-nine subjects with total serum cholesterol (TC) levels ranging from 5.56 to 10.24 mmol/L (215 to 396 mg/dL) were given a 2-month dietary lead-in followed by 3 months of diet only (29 subjects) or diet supplemented with 20.4 g of psyllium daily (30 subjects). Unlike women, men had a significant decrease in levels of both TC (-8.0%) and low-density lipoprotein cholesterol (LDL-C) (-10.1%) during the dietary lead-in. Psyllium supplementation resulted in an additional 5.5% reduction in the TC levels as compared to diet alone. Psyllium supplementation combined with dietary lead-in resulted in an overall 17.3% decrease in the TC and a 20.0% decrease in LDL-C for men, with decreases of 7.7% and 11.6%, respectively, for women. Psyllium effectively enhances the cholesterol-lowering effect of the phase I diet. "
2,"Generation of ammonia and mucosal lesion formation following hydrolysis of urea by urease in the rat stomach. We examined the morphological changes in gastric mucosa and the generation of ammonia after exposure of the rat stomach to urea in the presence of urease, in attempts to investigate a pathophysiological role of urea, urease, and ammonia system in gastric ulcer diseases. Exposure of the stomach for 20 min to 2 ml urea (0.025-0.2%) together with urease (100 IU) induced histological damages in a concentration-related manner. Either urea or urease alone did not induce any histological change in the mucosa. Instillation of urea into the stomach generated ammonia in the presence of urease; the amount of ammonia was increased depending on the concentration of urea, and was closely associated with the severity of histological damage. The exposure of the stomach to ammonia (NH4OH: 0.01-0.1%) also produced histological damages in the gastric mucosa in a concentration-related manner. The characteristics of injury induced by 0.5-1.0% ammonia were stasis of microcirculation, disruption of the surface epithelial cells, and necrosis of the mucosa. These results demonstrated that ammonia generated from the hydrolysis of urea by urease in the stomach causes damages in the gastric mucosa. "
4,"Atrioventricular septal defects. Analysis of short- and medium-term results. Atrioventricular septal defects were repaired in 87 patients from 1981 to 1988. Interventricular communications were present in 73 patients, and major associated anomalies were present in 17 (tetralogy of Fallot in four, double-outlet right ventricle in two, multiple ventricular septal defects in 11). Five deaths occurred in the hospital (5.7%; 70% confidence limits, 3.2% to 9.7%). A preoperative New York Heart Association class V functional condition was the only incremental risk factor (p = 0.02) for death in the hospital. No patient (0%; 70% confidence limits, 0% to 2.15%) had complete heart block. Actuarial survival rate at 80 months was 81.4%. The only incremental risk factor (p = 0.005) leading to reoperation was a preoperative valve incompetence. Actuarial rate at 80 months for freedom from reoperation was 84.2% in the overall group of patients after repair of atrioventricular septal defect. We conclude that an improvement in survival and success rates should be found when a policy of earlier repair is followed. "
5,"Gadolinium-enhanced magnetic resonance imaging in Bell's palsy. Inflammation of the facial nerve in Bell's palsy can be demonstrated on gadolinium-enhanced magnetic resonance imaging. We have studied a series of 17 Bell's palsy patients with gadolinium-enhanced magnetic resonance imaging, and the purpose of this paper is to report our findings and discuss their significance. Most acute Bell's palsy cases demonstrate facial nerve enhancement, usually in the distal internal auditory canal and labyrinthine/geniculate segments. Other segments demonstrate enhancement less often. Gadolinium enhancement occurs regardless of the severity of the paralysis and can persist after clinical improvement of the paralysis. The findings of this study corroborate other evidence that the segments of the facial nerve most often involved in Bell's palsy are the only segments that are most often enhanced with gadolinium-enhanced magnetic resonance imaging. The role of gadolinium-enhanced magnetic resonance imaging in the management of Bell's palsy patients is discussed. "
2,"Effect of endotoxin and a burn injury on lung and liver lipid peroxidation and catalase activity. Both endotoxin and a burn alone produce oxidant-induced tissue lipid peroxidation. The endotoxin response is due in large part to hydrogen peroxide. The combination of endotoxin after a burn results in an increased liver, but not lung, oxidant injury. Our purpose was to determine whether the burn oxidant injury inactivated endogenous liver tissue catalase, thereby amplifying a subsequent H2O2 insult. Twenty-six adult sheep were studied. Twelve sheep had a 15% TBS burn. Tissue catalase activity, measured in lung and liver 3 days postburn, was significantly decreased from a control of 3.58 +/- 1.8 and 193 +/- 63, respectively, to 1.72 +/- 0.63 and 148 +/- 33 k(sec-1)/0.5 gram tissue. The addition of endotoxin 3 days postburn resulted in an increase in liver malondialdehyde, MDA, a measure of lipid peroxidation, from a control of 110 +/- 80 to 450 +/- 54 nmol/gram tissue. This value was significantly greater than the 210 +/- 80 nmol/gram tissue seen after endotoxin alone. Lung tissue MDA with burn and endotoxin was 65 +/- 8 compared to 42 +/- 7 for control and 80 +/- 6 nmol/gram for endotoxin alone. We conclude that a decrease in liver catalase activity occurs after a burn. The decrease corresponds to an accentuated oxidant-induced lipid peroxidation after an added endotoxin insult where H2O2 is known to be an etiologic agent. The catalase activity also decreases in postburn lung, but accentuated lung damage was not seen, indicating a variable tissue response from the burn-induced decrease in antioxidant activity. "
2,"Diffuse-adhering Escherichia coli (DAEC) as a putative cause of diarrhea in Mayan children in Mexico. Diarrhea is a major cause of infantile morbidity and mortality in developing countries. A community-based, case control study was conducted in a southern Mexican Mayan village for 3 weeks during the peak diarrhea period to prospectively identify the infectious agents associated with childhood diarrheal disease. Several enteropathogens were isolated from stools of 34 of 58 cases, although none was significantly associated with diarrhea. For the 24 cases from which no enteropathogens were isolated, diffuse-adhering Escherichia coli (DAEC) strains were significantly associated with diarrheal disease (P less than .02; odds ratio = 6; 95% confidence limit, 1.08-99.0). DAEC were highly heterogeneous with respect to plasmid content and serotype. Three DNA probes designed to differentiate E. coli exhibiting localized, diffuse, or aggregative adherence were compared with results from a standard HeLa cell binding assay to assess the utility of these probes in the field. This study provides evidence for the potential pathogenic capacity of DAEC and underscores the variety of diarrheal agents operating within a community. "
4,"The estimation of post-test probability of coronary disease following exercise testing using the sequential application of two Bayesian methods. Recent studies have revealed that Bayesian methods to estimate post-test probability following exercise testing differ in their sensitivity and specificity across the range of post-test probability. To take advantage of the relative strengths of each method, we combined two of these methods into a single method (DUAL BAYES) and compared it with the two original methods in 436 patients who underwent stress testing followed within 2 months by coronary arteriography. All patients had post-test probabilities determined using CADENZA (better sensitivity). Those CADENZA-derived probabilities greater than or equal to 50% were substituted with post-test probabilities determined by Diamond and Forrester's original TABULAR method (better specificity). Mean post-test probabilities were as follows: TABULAR 34, CADENZA 48, DUAL BAYES 37 (actual incidence 38%). Comparison of sensitivity and specificity at every fifth percentile of post-test probability revealed that the sensitivity of DUAL BAYES was better than that of TABULAR and equal to that of CADENZA at thresholds less than or equal to 10 and that the specificity was better than that of CADENZA and equal to that of TABULAR at thresholds greater than or equal to 60. Therefore using both methods as indicated above was better than using either method alone. "
5,"Visual loss with dancing extremities and mental disturbances. A case is reported of a teenage girl, who presented with a profound loss of vision in the right eye, secondary to retinal vasculitis. During the preceding year, a gradual change in her personality had been noted, associated with a deterioration in her intellect. She developed an area of pigment epithelial disturbance in the macular region of the right eye, and subsequently, optic atrophy. One year after this, she had a similar, but more localized episode in the left eye. She later developed involuntary movements, and two years after initial presentation, a diagnosis of subacute sclerosing panencephalitis was made. Subsequently her clinical condition deteriorated rapidly and she died. Post-mortem examination confirmed the diagnosis of subacute sclerosing panencephalitis. This case demonstrates the insidious nature of the disease and suggests that the diagnosis of subacute sclerosing panencephalitis should be considered in any child or young adult who presents with unexplained retinal vasculitis, maculopathy or chorioretinitis. "
3,"Nitrous oxide does not alter infarct volume in rats undergoing reversible middle cerebral artery occlusion. This experiment was designed to determine if nitrous oxide alters neurologic and pathologic outcome from temporary focal cerebral ischemia in spontaneously hypertensive rats deeply anesthetized with a barbiturate. Two groups of rats were given intravenous methohexital such that a stable EEG pattern of burst suppression was achieved. In one group of rats (n = 11), the lungs were mechanically ventilated with 70% N2O/30% O2, and in the other group (n = 10), ventilation was done with 70% nitrogen/30% O2. The middle cerebral artery was then occluded for 2 h, during which time mean arterial pressure, blood gases, hematocrit, plasma glucose, and head temperature were held constant between groups. The total doses of methohexital administered were similar in both groups as were the plasma methohexital concentrations immediately prior to onset of ischemia. After reperfusion of the middle cerebral artery, the animals were allowed to awaken. Neurologic evaluations were performed prior to ischemia and at 24 and 96 h postischemia. Cerebral infarct volume was measured at 96 h postischemia using triphenyl tetrazolium chloride staining and computer imaging techniques. There were no neurologic differences between the N2O and nitrogen groups at any experimental interval although both groups exhibited deficits at both 24 and 96 h postischemia relative to preischemic values. The two groups also had nearly identical cerebral infarct volumes (N2O = 231 +/- 97 mm3; nitrogen = 226 +/- 75 mm3; mean +/- SD). "
1,"Mutations in the K-ras oncogene induced by 1,2-dimethylhydrazine in preneoplastic and neoplastic rat colonic mucosa. These experiments were conducted to determine whether point mutations activating K-ras or H-ras oncogenes, induced by the procarcinogen 1,2-dimethylhydrazine (DMH), were detectable in preneoplastic or neoplastic rat colonic mucosa. Rats were injected weekly with diluent or DMH at 20 mg/kg body wt for 5, 10, 15, or 25 wk, killed, and their colons dissected. DNA was extracted from diluent-injected control animals, histologically normal colonic mucosa from carcinogen-treated animals, and from carcinomas. Ras mutations were characterized by differential hybridization using allele-specific oligonucleotide probes to polymerase chain reaction--amplified DNA, and confirmed by DNA sequencing. While no H-ras mutations were detectable in any group, K-ras (G to A) mutations were found in 66% of DMH-induced colon carcinomas. These mutations were at the second nucleotide of codons 12 or 13 or the first nucleotide of codon 59 of the K-ras gene. The same type of K-ras mutations were observed in premalignant colonic mucosa from 2 out of 11 rats as early as 15 wk after beginning carcinogen injections when no dysplasia, adenomas, or carcinomas were histologically evident, suggesting that ras mutation may be an early event in colon carcinogenesis. "
1,"Results of contemporary radical cystectomy for invasive bladder cancer: a clinicopathological study with an emphasis on the inadequacy of the tumor, nodes and metastases classification. We reviewed 261 patients who underwent a radical operation at a single institution as definitive treatment of invasive bladder cancer to evaluate the survival and accuracy of the tumor, nodes and metastasis system in characterizing the prognosis. Between January 1979 and June 1987 the 261 evaluable patients underwent 1-stage radical cystectomy with pelvic node dissection and urinary diversion. No chemotherapy and/or radiation therapy was given before or after the operation. The postoperative mortality rate was 1.8%. The over-all staging error between clinical and pathological stages was as high as 44%. The over-all actuarial 5-year survival rate was 54.5%. The 5-year survival rates were 75% for stage pT1, 63% for stage pT2, 31% for stage pT3 and 21% for stage pT4 disease. A significant difference in the survival (p less than 0.002) was observed in stage pT3 by dividing tumors confined within the bladder wall (pT3a, 50%) from those extending throughout the bladder wall (pT3b, 15%). A careful evaluation of transitional cell involvement of the prostate in stage pT4a cancer led to the identification of 2 different patterns: 1) contiguous when a bladder tumor extended directly into the prostate through the bladder wall and 2) noncontiguous when a bladder tumor and a transitional cell carcinoma of the prostate were found simultaneously. These patterns had completely different (p less than 0.05) survival rates (6 versus 37%). The patients with high grade tumors had a worse prognosis in comparison with those with grades 1 and 2 tumors (41 versus 56%, p less than 0.005). The over-all 5-year survival of patients with positive nodes was 4% in comparison with 60% of those without nodal involvement (p less than 0.001). Despite current optimal surgical treatment, nearly 50% of all patients with invasive bladder cancer continue to die. The need for a modification of the current tumor, nodes and metastasis tumor classification to provide the clinician a more reliable staging system for planning treatment modalities is indeed mandatory. "
5,"Influence of otitis media on the correlation between rectal and auditory canal temperatures. In a noninterventional, controlled, single-blinded trial, 251 children were examined in a university hospital emergency department setting to study the influence of acute otitis media on the relationship between rectal and auditory canal temperatures. Bilateral auditory canal temperatures were measured using an infrared detection probe and microprocessor by nursing staff blinded to the presence of acute otitis media. Correlation between rectal and auditory canal temperatures in children with (r = .81) and without (r = .75) acute otitis media were not significantly different. There was no significant difference between infected (38.1 degrees C +/- 1.0 degree C) and uninfected ears (38.0 degrees C +/- 1.0 degree C) with unilateral otitis (n = 75). Although significantly higher than in uninfected children, auditory canal temperatures of children with acute otitis media reflected elevated rectal temperatures and not differences in auditory canal temperatures between ears. "
1,"Paraneoplastic vasculitic neuropathy: a treatable neuropathy. Paraneoplastic vasculitic neuropathy has been recently described. We report the first case of this disorder which responded both clinically and electrophysiologically to cyclophosphamide treatment. A 54-year-old woman with a history of metastatic endometrial carcinoma in remission had asymmetrical polyneuropathy, electrophysiological findings consistent with a diffuse axonal neuropathy, high sedimentation rate and spinal fluid protein, and microvasculitis with axonal degeneration on nerve biopsy. The patient was treated with 150 mg of cyclophosphamide daily with gradual clinical and electrophysiological improvement. "
5,"Complications of general anesthesia for Nd:YAG laser resection of endobronchial tumors. We studied the incidence and mechanisms of cardiovascular complications and postoperative respiratory insufficiency associated with GA and Nd:YAG laser endobronchial tumor resection. The records of 73 patients undergoing 87 procedures were reviewed. Preoperative status, anesthetic methods and perioperative complications were analyzed by multiple regression to determine predictors of outcome. Twenty-three percent of patients had greater than 90 percent mainstem bronchus obstruction. Longer serum elimination half-life of relaxant drug was significantly correlated with longer duration of mechanical ventilation after neuromuscular blockade reversal. Cardiovascular complications were noted in 24 procedures and often required therapeutic intervention. Variables predicting cardiovascular complications included longer duration of GA and increasing age. Perioperative respiratory and cardiovascular complications are common after GA for Nd: YAG laser resection. Short-acting neuromuscular relaxants, careful assessment prior to postoperative extubation, limiting duration of GA and cardiovascular monitoring are recommended when implementing GA for Nd: YAG laser resection of endobronchial tumors. "
5,"Lack of gene deletion for complement C4A deficiency in Japanese patients with systemic lupus erythematosus. The frequency of C4A gene deletion was studied in Japanese patients with systemic lupus erythematosus (SLE) and was compared with healthy controls. DNA preparations were extracted from peripheral blood leukocytes from 59 patients with SLE and from 166 healthy persons, and digested by restriction enzymes. They were hybridized with C4 complementary DNA by the Southern blotting method and the deletion of C4A gene was judged from restriction fragment length polymorphism. At the same time phenotypic C4A deficiency (C4AQ0) was measured. Our results showed that the frequency of phenotypic C4A deficiency was 44.1% in Japanese patients with SLE and this value was comparable with that (43.2%) in Caucasian patients. On the other hand the deletion of C4A gene was not found in Japanese patients with SLE (0%), or in healthy controls (0.6%). Our results indicate that C4AQ0 may contribute to the pathogenesis of SLE beyond the ethnical differences but Japanese patients with SLE have a different genetic background from Caucasian patients with the C4A gene deleted. "
1,"Familial hypobetalipoproteinaemia complicated by cerebellar ataxia and steatocystoma multiplex. A 55-year-old man with cerebellar ataxia and steatocystoma multiplex was found to have reduced serum concentrations of total cholesterol, betalipoprotein and apolipoprotein B. Computed tomography revealed atrophy of the cerebellum and brain stem. Of the six family members examined, four had hypobetalipoproteinaemia, and one had mild ataxia. Similar skin lesions were noted in five male relatives. This case represents a rare combination of familial hypobetalipoproteinaemia, cerebellar ataxia and steatocystoma multiplex. "
1,"Primary CT diagnosis of abdominal masses in a PACS environment Whether the display medium--film versus cathode ray tube (CRT)--affects observer performance during interpretation of computed tomographic (CT) images is an important research issue in these times of implementation and growth of picture archiving and communications systems in radiology. The authors performed a multiobserver receiver operating characteristic (ROC) study to determine the performance of radiologists who read abdominal CT studies displayed on film, as well as on a high-resolution workstation (video monitor) that made use of three different display modes. A total of 166 examinations were evaluated by eight radiologists, who recorded their ordinal confidence ratings of the demonstration of presence or absence of abdominal masses. ROC analysis showed small differences in the confidence ratings assigned by individual readers for the detection and interpretation tasks. Results for the group as a whole showed no significant reduction or improvement in observer performance when ratings for any one of the workstation display modes were analyzed. The results of this study demonstrate that current CRT display technology is adequate for enabling the primary detection of abdominal masses with CT examinations. "
2,"Sexually transmitted parasitic diseases. Sexual activity is the primary method of transmission for several important parasitic diseases and has resulted in a significant prevalence of enteric parasitic infection among male homosexuals. The majority of parasitic sexually transmitted diseases involve protozoan pathogens; however, nematode and arthropod illnesses are also included in this group. Trichomoniasis, caused by Trichomonas vaginalis, is the most common parasitic STD. Infection with this organism typically results in the signs and symptoms of vaginitis. Trichomoniasis can be diagnosed in the office setting by performing a microscopic evaluation of infected vaginal secretions and can be successfully treated with metronidazole. Both pediculosis pubis, caused by the crab louse Pthirus pubis, and scabies, caused by the itch mite Sarcoptes scabiei, present with severe pruritus. A papular or vesicular rash and linear burrows seen in the finger webs and genital area are characteristic of scabies. Pediculosis pubis is diagnosed by observing adult lice or their nits in areas that bear coarse hair. The diagnosis of scabies is confirmed by scraping suspicious burrows and viewing the mite or its byproducts under the microscope. Lindane, 1% used in treating scabies, is also very effective for treating pediculosis pubis. Synthetic pyrethrins, also applied as a cream or lotion, are less toxic alternatives for the treatment of either condition. Oral-anal and oral-genital sexual practices predispose male homosexuals to infection with many enteric pathogens, including parasitic protozoans and helminths. The most common of these parasitic infections are amebiasis, caused by Entamoeba histolytica, and giardiasis caused by Giardia lamblia. Both entities may cause acute or chronic diarrhea, as well as other abdominal symptoms. Most gay men with amebiasis are asymptomatic, and invasive disease in this group is extremely rare. Both amebiasis and giardiasis can be diagnosed on the basis of microscopic examination of stool specimens, although duodenal aspiration is occasionally necessary to confirm a diagnosis of giardiasis. Multiple treatment regimens exist for amebiasis. Iodoquinol is a good choice for asymptomatic cyst carriers, whereas the combination of metronidazole plus iodoquinol is used for symptomatic patients. Quinacrine and metronidazole are both efficacious in the treatment of giardiasis. "
5,"Continuous extracorporeal fluid removal in children with low cardiac output after cardiac operations. Eleven hypervolemic and oliguric children with low cardiac output after cardiac operations were treated by slow continuous ultrafiltration or continuous arteriovenous hemofiltration. A mean negative fluid balance of 1.63 +/- 0.37 ml/kg/hr (standard error of the mean [SEM]) significantly improved the hemodynamic status within 59 +/- 6.1 hours (SEM). Although the central venous pressure decreased significantly from 15.2 +/- 0.84 to 8.8 +/- 0.92 mm Hg (p less than 0.0001), the mean arterial pressure increased significantly from 41.5 +/- 2.54 to 53.5 +/- 2.21 mm Hg (p less than 0.001). In addition, pH increased significantly from 7.31 +/- 0.01 (SEM) to 7.43 +/- 0.001 (SEM) (p less than 0.001) and oxygenation index (arterial oxygen tension/inspired oxygen fraction) from 119 +/- 15.2 (SEM) to 214 +/- 27.0 (SEM) (p less than 0.001). Hemodynamic improvement during slow continuous extracorporeal fluid removal allowed a significant decrease of the catecholamine infusion rate. After normovolemia had been achieved, continuous arteriovenous hemofiltration had to be continued in four children because of persistent anuria. Eight patients could be weaned from artificial ventilation and vasopressor support. Two patients died without recovery of renal function and one with restored renal function. Slow continuous ultrafiltration and continuous arteriovenous hemofiltration improve the cardiovascular function in children with low cardiac output by optimizing the preload conditions of the failing heart. In addition, they improve acid-base balance and pulmonary gas exchange. "
2,"IgA triggers tumor necrosis factor alpha secretion by monocytes: a study in normal subjects and patients with alcoholic cirrhosis. Under endotoxin-free conditions, peripheral blood mononuclear cells and purified monocytes isolated from healthy control subjects and patients with alcoholic cirrhosis disclose elevated tumor necrosis factor alpha messenger RNA level and produce tumor necrosis factor alpha in response to stimulation by either soluble polymeric IgA or monomeric IgA bound to the surface of culture dishes but not by soluble monomeric IgA. Polymeric IgA induces tumor necrosis factor alpha secretion in a dose-dependent fashion. These results suggest that cross-linking of Fc alpha receptors on human monocytes induces the messenger RNA accumulation and the secretion of the cytotoxic and immunoregulatory cytokine tumor necrosis factor alpha. Furthermore, it is shown that lipopolysaccharide-induced tumor necrosis factor alpha secretion by peripheral blood mononuclear cells is synergistically enhanced in the presence of solid phase monomeric IgA but not in the presence of either soluble monomeric or polymeric IgA. Although increased lipopolysaccharide-induced tumor necrosis factor alpha secretion is observed at baseline in alcoholic cirrhotic patients, this synergism is also expressed in this group of patients. These observations could be of pathophysiological relevance in alcoholic cirrhosis because monomeric IgA deposits along the liver sinusoids and increased serum levels of polymeric IgA are common even in the early stages of this disease. "
4,"Screening for hypercholesterolemia among Canadians: how much will it cost? [published erratum appears in Can Med Assoc J 1991 Mar 1;144(5):545] OBJECTIVE: To determine the cost of screening all Canadians aged 30 years or more without coronary heart disease (CHD) for hypercholesterolemia. DATA SOURCES: The expected results of initial screening of the serum cholesterol level were estimated on the basis of 1986 Canadian census data and the 1978 Canada Health Survey. The results of repeat testing were estimated on the basis of data from the Lipid Research Clinics Prevalence Study. Lipid profile results were extrapolated from tests at the Montreal General Hospital's clinical chemistry laboratory. Laboratory costs and primary care practitioner costs were provided by the Canadian Society of Clinical Chemists and provincial fee schedules respectively. MAIN RESULTS: Among 12,479,356 Canadians free of CHD 48.7% would be identified as being at high risk, 4.8% would be identified as being at moderate risk, and 46.6% would be reassured that their lipid risk for CHD was low. The total cost of implementing the program in the first year would be $432 million to $561 million ($325 million for laboratory tests and $107 million to $236 million for visits to primary care practitioners). CONCLUSION: The substantial cost of implementing a nationwide screening program must be weighed against the expected benefits to ensure that the final result is both practical and economically feasible. "
4,"Association between blood pressure and serum lipids in a population. The Tromso Study. BACKGROUND. High blood pressure has been associated with elevated atherogenic blood lipid fractions, but epidemiological surveys often give inconsistent results across population subgroups. A better understanding of the relation between blood pressure and blood lipids may provide insight into the mechanism(s) whereby hypertension is associated with increased risk of coronary heart disease. METHODS AND RESULTS. We assessed the cross-sectional relations of serum total cholesterol, high density lipoprotein (HDL) cholesterol, non-HDL cholesterol (total minus HDL cholesterol), and triglyceride levels with blood pressure in a population of 8,081 men 20-54 years old and 7,663 women 20-49 years old. Stratified analyses and multivariable methods were used to control for potential confounding anthropometric and lifestyle variables. Total and non-HDL cholesterol levels increased significantly with increasing systolic or diastolic blood pressure in both sexes. Men 20-29 years old had steeper regression slopes for blood pressure by total cholesterol level than did women of similar age. In men, the association between blood pressure and total cholesterol level decreased with age, whereas in women, it increased with age. Body mass index modified the relation, whereas smoking, physical activity, and alcohol consumption had little influence on the association. Triglyceride levels increased with blood pressure, but this relation was weak in lean subjects. HDL cholesterol level correlated positively with blood pressure in population subgroups having a high alcohol consumption. CONCLUSION. These results support the hypothesis that there are biological interrelations between blood pressure and blood lipids that may influence the mechanisms whereby blood pressure is associated with risk of coronary heart disease. "
1,Bladder perforation resulting from the use of the neodymium:YAG laser. Complications resulting from the use of the neodymium:YAG (Nd:YAG) laser to treat superficial bladder cancer are uncommon and are usually associated with abnormally high laser power outputs. We report a case of bladder perforation in a human attributed to the Nd:YAG laser used at a low power setting and comment on those factors that contributed to this complication. 
3,"Recombinant human acetylcholine receptor alpha-subunit induces chronic experimental autoimmune myasthenia gravis. A synthetic gene encoding the 210 N-terminal residues of the alpha-subunit of the nicotinic acetylcholine receptor (AChR) of human skeletal muscle was cloned into an inducible expression plasmid to produce a fusion protein in high yield in Escherichia coli. Like native human AChR, the recombinant human alpha 1-210 protein induced AChR-binding, AChR-modulating, and AChR-blocking autoantibodies in rats when injected once intradermally as an emulsion in CFA, with Bordetella pertussis vaccine as supplementary adjuvant. The minimum dose of recombinant protein required to induce biochemical signs of experimental autoimmune myasthenia gravis (EAMG) with 100% incidence was 2.2 micrograms. With 6.6 to 22 micrograms, serum levels of autoantibodies were persistent, and clinically apparent EAMG lasted more than a month. Clinical, electrophysiological, and biochemical indices of EAMG induced by doses of 66 micrograms or more were more uniformly severe and persistent, with 33% fatality. Rats receiving a control extract of E. coli containing plasmid without the alpha 1-210 codon insert, with adjuvants, did not develop autoantibodies or signs of EAMG. This highly reproducible new model of EAMG induced by a recombinant human autoantigen should be valuable for testing Ag-specific immunotherapeutic strategies that might be applicable to treating acquired myasthenia gravis in humans. "
1,"Tumor factors predicting for prognosis in metastatic breast cancer. The presence of P24 predicts for response to treatment and duration of survival. Fifty-one patients with metastatic breast cancer were investigated to determine tumor parameters with prognostic significance. Investigations included determinations of P24 content by immunocytochemical means using a monoclonal antibody to P24 protein; immunocytochemical analysis of estrogen and progesterone receptors; ploidy analysis by flow cytometry, and histologic grading. There were significant correlations between the presence of P24 and estrogen receptor, between histologic grade and P24 expression, and between estrogen and progesterone receptors. Of the tumor factors investigated only P24 protein was, however, of prognostic significance. Patients with P24-positive tumors had a significantly higher rate of response to treatment as well as more prolonged duration of response and duration of survival from diagnosis of metastatic disease. None of the other variables investigated were significantly predictive of outcome. P24 protein may be a useful predictor of prognosis in metastatic breast cancer. "
2,"Treatment of duodenitis with cimetidine: a clinical, endoscopic, and histologic study. We studied the effectiveness of cimetidine in the treatment of endoscopically diagnosed duodenitis. Sixty-nine patients with the solitary endoscopic finding of duodenitis (6% of 1,200 patients who underwent fiberoptic endoscopy of the upper gastrointestinal tract in our unit over 3 years) were studied retrospectively: a good clinical response was apparent in 45 of 69 patients treated with cimetidine (65%), and a fair response in another four (6%). In a controlled, randomized prospective study, we evaluated the effectiveness of cimetidine in duodenitis. Statistically significant improvement for the clinical and endoscopic scores was found in 10 patients treated with cimetidine (p less than 0.01). Improvement in the histologic score did not reach statistical significance. No such improvement was demonstrated in seven placebo-treated patients. We believe that duodenitis is a ""peptic syndrome,"" has a good response to cimetidine treatment, and behaves much like duodenal ulcer disease. "
2,"Development of acute myelocytic leukemia in patients with Crohn's disease. In our hospital within one year two patients with Crohn's disease were seen who developed an acute myelocytic leukemia. A review of the literature reveals eight previously reported patients with both Crohn's disease and leukemia. Six of the reported 10 patients have had acute myelocytic leukemia and, interestingly, three of them, including our two patients, have shown monocytic differentiation (FAB type M4). It has been suggested that the relative risk of leukemia, especially acute myelocytic leukemia, is increased in patients suffering from ulcerative colitis. More data of patients with Crohn's disease and acute leukemia are needed to evaluate the possible association between these diseases. "
1,"Percent tumor necrosis as a predictor of treatment response in canine osteosarcoma. The percent tumor necrosis was determined in 200 dogs with spontaneously occurring osteosarcoma. One hundred dogs had no treatment before amputation or death. One hundred other dogs were treated with either radiation therapy alone (n = 23), intraarterial (IA) cisplatin alone (n = 16), intravenous (IV) cisplatin alone (n = 6), radiation therapy plus IA cisplatin (n = 47), or radiation therapy plus IV cisplatin (n = 8). Eighty-nine of these 100 dogs had their tumors resected 3 weeks after the end of therapy (6 weeks after the initiation of therapy) and replaced with a cortical bone allograft. Dogs with preoperative treatment were evaluated for local tumor control and time to metastasis. The mean percent tumor necrosis in untreated osteosarcoma was 26.8%. The mean percent tumor necrosis for dogs receiving radiation only, IA cisplatin only, and IV cisplatin only was 81.6%, 49.1% and 23.8%, respectively. The mean percent tumor necrosis for dogs receiving radiation therapy plus IA cisplatin or radiation therapy plus IV cisplatin was 83.7% and 78.2%, respectively. There was no significant difference between percent tumor necrosis in untreated osteosarcoma compared with those receiving IV cisplatin, but there was a significant increase in percent tumor necrosis with all other treatments. A mathematic model for the effect of cisplatin and radiation dose was developed using multiple regression analysis. The radiation dose calculated to cause at least 80% tumor necrosis was 42.2 Gy (95% confidence interval [CI], 38.0 to 47.6 Gy) when radiation was given alone and 28.1 Gy (95% CI, 21.3 to 36.6 Gy) when radiation was combined with IA cisplatin. Areas of viable tumor tended to be most frequent adjacent to the articular cartilage and in the joint capsule. Percent tumor necrosis was strongly predictive for local tumor control; 28 of 32 dogs with greater than 80% tumor necrosis had local control, and only eight of 29 dogs with less than 79% tumor necrosis had local control (P = 0.0047). There was no correlation between percent tumor necrosis and time to metastasis. "
3,"Acupuncture and chronic pain: a criteria-based meta-analysis. A literature search revealed 51 controlled clinical studies on the effectiveness of acupuncture in chronic pain. These studies were reviewed using a list of 18 predefined methodological criteria. A maximum of 100 points for study design could be earned in four main categories: (a) comparability of prognosis, (b) adequate intervention, (c) adequate effect measurement and (d) data presentation. The quality of even the better studies proved to be mediocre. No study earned more than 62% of the maximum score. The results from the better studies (greater than or equal to 50% of the maximum score) are highly contradictory. The efficacy of acupuncture in the treatment of chronic pain remains doubtful. "
4,"Technetium-99m sestamibi myocardial imaging: same-day rest-stress studies and dipyridamole. Unlike thallium-201, technetium-99m (Tc-99m) sestamibi does not redistribute in the myocardium after injection. Thus, 2 separate injections, 1 at rest and the other at stress (or after dipyridamole), are required to differentiate ischemia from scar. From a physical viewpoint, a 24-hour interval between the 2 injections is preferable for detection of coronary artery disease (CAD) with Tc-99m sestamibi imaging. However, same-day studies are more convenient in clinical practice. Results of studies using different Tc-99m sestamibi injection protocols are presented with emphasis on the advantages of a rest-stress injection sequence with a low dose at rest (7 mCi) followed 2 hours later by a higher dose at stress (25 mCi). A prospective study was conducted in a patient population with proven CAD using same-day studies to compare a rest-stress (7 and 25 mCi, respectively) to a stress-rest (7 and 25 mCi) Tc-99m sestamibi injection sequence. There was an agreement in 87.3% of the analyzed segments between the 2 protocols. However, the largest discordance for type of defect applied to 7.4% of the segments judged ischemic in the rest-stress protocol, which were called scars on stress-rest. This study showed that a rest-stress sequence is preferable when using a same-day protocol with a short time interval (less than 2 hours) between the 2 Tc-99m sestamibi injections because the rest image performed initially represents a ""true"" rest study, which is not necessarily the case with the stress-rest sequence. Preliminary studies were performed to evaluate dipyridamole with Tc-99m sestamibi imaging in normal subjects and in patients with CAD. These studies showed that treadmill and dipyridamole Tc-99m sestamibi imaging are comparable and the results are similar to those obtained with thallium-201. "
